Customer_ID,first_name,last_name,City,mail
CUST0001,Arjun,Kumar,Hyderabad,arjun.kumar1@example.com
CUST0002,Vikram,Patel,Coimbatore,vikram.patel2@example.com
CUST0003,Arjun,Brown,Bengaluru,arjun.brown3@example.com
CUST0004,Sarah,Gupta,Chennai,sarah.gupta4@example.com
CUST0005,Aarav,Sharma,Madurai,aarav.sharma5@example.com
CUST0006,Vikram,Nair,Chennai,vikram.nair6@example.com
CUST0007,Michael,Patel,Delhi,michael.patel7@example.com
CUST0008,Vikram,Das,Hyderabad,vikram.das8@example.com
CUST0009,Aarav,Johnson,Coimbatore,aarav.johnson9@example.com
CUST0010,Meera,Iyer,Hyderabad,meera.iyer10@example.com
CUST0011,Rohan,Patel,Mumbai,rohan.patel11@example.com
CUST0012,Arjun,Sharma,Delhi,arjun.sharma12@example.com
CUST0013,Arjun,Iyer,Mumbai,arjun.iyer13@example.com
CUST0014,Emily,Reddy,Chennai,emily.reddy14@example.com
CUST0015,Nisha,Nair,Bengaluru,nisha.nair15@example.com
CUST0016,Sneha,Sharma,Hyderabad,sneha.sharma16@example.com
CUST0017,Emily,Davis,Mumbai,emily.davis17@example.com
CUST0018,Sarah,Patel,Bengaluru,sarah.patel18@example.com
CUST0019,Vihaan,Brown,Madurai,vihaan.brown19@example.com
CUST0020,Priya,Sharma,Madurai,priya.sharma20@example.com
CUST0021,Arjun,Gupta,Hyderabad,arjun.gupta21@example.com
CUST0022,Nisha,Brown,Mumbai,nisha.brown22@example.com
CUST0023,Karthik,Iyer,Mumbai,karthik.iyer23@example.com
CUST0024,Rahul,Brown,Hyderabad,rahul.brown24@example.com
CUST0025,Aditya,Verma,Coimbatore,aditya.verma25@example.com
CUST0026,Michael,Smith,Madurai,michael.smith26@example.com
CUST0027,Karthik,Das,Delhi,karthik.das27@example.com
CUST0028,Ananya,Davis,Madurai,ananya.davis28@example.com
CUST0029,Kavya,Wilson,Chennai,kavya.wilson29@example.com
CUST0030,Vikram,Wilson,Chennai,vikram.wilson30@example.com
CUST0031,Kavya,Gupta,Hyderabad,kavya.gupta31@example.com
CUST0032,Aditya,Patel,Mumbai,aditya.patel32@example.com
CUST0033,Rahul,Brown,Pune,rahul.brown33@example.com
CUST0034,Sneha,Davis,Pune,sneha.davis34@example.com
CUST0035,Rohan,Reddy,Coimbatore,rohan.reddy35@example.com
CUST0036,Vikram,Smith,Hyderabad,vikram.smith36@example.com
CUST0037,Sarah,Gupta,Delhi,sarah.gupta37@example.com
CUST0038,Divya,Patel,Coimbatore,divya.patel38@example.com
CUST0039,David,Das,Bengaluru,david.das39@example.com
CUST0040,Vihaan,Wilson,Bengaluru,vihaan.wilson40@example.com
CUST0041,Rohan,Brown,Coimbatore,rohan.brown41@example.com
CUST0042,Meera,Verma,Bengaluru,meera.verma42@example.com
CUST0043,Sneha,Gupta,Pune,sneha.gupta43@example.com
CUST0044,David,Reddy,Chennai,david.reddy44@example.com
CUST0045,Arjun,Brown,Hyderabad,arjun.brown45@example.com
CUST0046,Kavya,Sharma,Hyderabad,kavya.sharma46@example.com
CUST0047,Meera,Singh,Pune,meera.singh47@example.com
CUST0048,Aarav,Smith,Hyderabad,aarav.smith48@example.com
CUST0049,David,Johnson,Coimbatore,david.johnson49@example.com
CUST0050,David,Davis,Bengaluru,david.davis50@example.com
CUST0051,Priya,Wilson,Madurai,priya.wilson51@example.com
CUST0052,Rohan,Iyer,Coimbatore,rohan.iyer52@example.com
CUST0053,Michael,Johnson,Chennai,michael.johnson53@example.com
CUST0054,Emily,Iyer,Pune,emily.iyer54@example.com
CUST0055,Aarav,Sharma,Mumbai,aarav.sharma55@example.com
CUST0056,Priya,Patel,Chennai,priya.patel56@example.com
CUST0057,Vikram,Davis,Bengaluru,vikram.davis57@example.com
CUST0058,Aditya,Smith,Pune,aditya.smith58@example.com
CUST0059,Aditya,Johnson,Coimbatore,aditya.johnson59@example.com
CUST0060,Rohan,Brown,Pune,rohan.brown60@example.com
CUST0061,Michael,Singh,Hyderabad,michael.singh61@example.com
CUST0062,David,Wilson,Delhi,david.wilson62@example.com
CUST0063,Rahul,Davis,Madurai,rahul.davis63@example.com
CUST0064,Priya,Gupta,Mumbai,priya.gupta64@example.com
CUST0065,Nisha,Davis,Pune,nisha.davis65@example.com
CUST0066,Arjun,Patel,Madurai,arjun.patel66@example.com
CUST0067,Aditya,Iyer,Chennai,aditya.iyer67@example.com
CUST0068,Sarah,Nair,Madurai,sarah.nair68@example.com
CUST0069,Sarah,Patel,Chennai,sarah.patel69@example.com
CUST0070,Aditya,Smith,Chennai,aditya.smith70@example.com
CUST0071,Vikram,Sharma,Chennai,vikram.sharma71@example.com
CUST0072,Kavya,Sharma,Madurai,kavya.sharma72@example.com
CUST0073,Ananya,Brown,Pune,ananya.brown73@example.com
CUST0074,Rahul,Nair,Coimbatore,rahul.nair74@example.com
CUST0075,Sarah,Verma,Pune,sarah.verma75@example.com
CUST0076,Vikram,Johnson,Pune,vikram.johnson76@example.com
CUST0077,Meera,Patel,Bengaluru,meera.patel77@example.com
CUST0078,Arjun,Brown,Delhi,arjun.brown78@example.com
CUST0079,Divya,Gupta,Delhi,divya.gupta79@example.com
CUST0080,Nisha,Wilson,Chennai,nisha.wilson80@example.com
CUST0081,Arjun,Kumar,Delhi,arjun.kumar81@example.com
CUST0082,Kavya,Johnson,Bengaluru,kavya.johnson82@example.com
CUST0083,Vikram,Patel,Madurai,vikram.patel83@example.com
CUST0084,Michael,Das,Coimbatore,michael.das84@example.com
CUST0085,Meera,Singh,Hyderabad,meera.singh85@example.com
CUST0086,Nisha,Patel,Bengaluru,nisha.patel86@example.com
CUST0087,Nisha,Johnson,Bengaluru,nisha.johnson87@example.com
CUST0088,Vihaan,Brown,Chennai,vihaan.brown88@example.com
CUST0089,Aditya,Davis,Madurai,aditya.davis89@example.com
CUST0090,Karthik,Gupta,Pune,karthik.gupta90@example.com
CUST0091,John,Patel,Delhi,john.patel91@example.com
CUST0092,Vihaan,Singh,Delhi,vihaan.singh92@example.com
CUST0093,Aarav,Gupta,Hyderabad,aarav.gupta93@example.com
CUST0094,Nisha,Reddy,Delhi,nisha.reddy94@example.com
CUST0095,Michael,Brown,Pune,michael.brown95@example.com
CUST0096,Rohan,Patel,Hyderabad,rohan.patel96@example.com
CUST0097,Rahul,Kumar,Chennai,rahul.kumar97@example.com
CUST0098,Kavya,Kumar,Chennai,kavya.kumar98@example.com
CUST0099,Sarah,Das,Coimbatore,sarah.das99@example.com
CUST0100,Vihaan,Nair,Bengaluru,vihaan.nair100@example.com
CUST0101,Karthik,Sharma,Bengaluru,karthik.sharma101@example.com
CUST0102,Vikram,Gupta,Bengaluru,vikram.gupta102@example.com
CUST0103,Sarah,Patel,Chennai,sarah.patel103@example.com
CUST0104,Emily,Sharma,Delhi,emily.sharma104@example.com
CUST0105,Sarah,Verma,Mumbai,sarah.verma105@example.com
CUST0106,Ananya,Patel,Mumbai,ananya.patel106@example.com
CUST0107,Vikram,Reddy,Delhi,vikram.reddy107@example.com
CUST0108,Rohan,Brown,Hyderabad,rohan.brown108@example.com
CUST0109,Nisha,Iyer,Bengaluru,nisha.iyer109@example.com
CUST0110,Aarav,Das,Bengaluru,aarav.das110@example.com
CUST0111,Aditya,Nair,Madurai,aditya.nair111@example.com
CUST0112,David,Reddy,Coimbatore,david.reddy112@example.com
CUST0113,Divya,Davis,Bengaluru,divya.davis113@example.com
CUST0114,Vikram,Iyer,Hyderabad,vikram.iyer114@example.com
CUST0115,Karthik,Das,Hyderabad,karthik.das115@example.com
CUST0116,Emily,Johnson,Chennai,emily.johnson116@example.com
CUST0117,Michael,Reddy,Bengaluru,michael.reddy117@example.com
CUST0118,Rohan,Reddy,Bengaluru,rohan.reddy118@example.com
CUST0119,Arjun,Smith,Coimbatore,arjun.smith119@example.com
CUST0120,Ananya,Reddy,Madurai,ananya.reddy120@example.com
CUST0121,Kavya,Patel,Hyderabad,kavya.patel121@example.com
CUST0122,David,Das,Hyderabad,david.das122@example.com
CUST0123,Vihaan,Sharma,Delhi,vihaan.sharma123@example.com
CUST0124,Ananya,Kumar,Chennai,ananya.kumar124@example.com
CUST0125,Kavya,Johnson,Coimbatore,kavya.johnson125@example.com
CUST0126,Ananya,Singh,Pune,ananya.singh126@example.com
CUST0127,Michael,Smith,Delhi,michael.smith127@example.com
CUST0128,Michael,Kumar,Bengaluru,michael.kumar128@example.com
CUST0129,Aditya,Davis,Coimbatore,aditya.davis129@example.com
CUST0130,Michael,Kumar,Mumbai,michael.kumar130@example.com
CUST0131,Sarah,Nair,Coimbatore,sarah.nair131@example.com
CUST0132,Meera,Singh,Chennai,meera.singh132@example.com
CUST0133,Priya,Iyer,Chennai,priya.iyer133@example.com
CUST0134,Divya,Patel,Madurai,divya.patel134@example.com
CUST0135,Arjun,Iyer,Delhi,arjun.iyer135@example.com
CUST0136,Emily,Smith,Coimbatore,emily.smith136@example.com
CUST0137,Vikram,Wilson,Coimbatore,vikram.wilson137@example.com
CUST0138,Karthik,Davis,Delhi,karthik.davis138@example.com
CUST0139,Aarav,Singh,Mumbai,aarav.singh139@example.com
CUST0140,Meera,Johnson,Madurai,meera.johnson140@example.com
CUST0141,Ananya,Singh,Bengaluru,ananya.singh141@example.com
CUST0142,Sneha,Wilson,Chennai,sneha.wilson142@example.com
CUST0143,John,Patel,Madurai,john.patel143@example.com
CUST0144,Nisha,Iyer,Hyderabad,nisha.iyer144@example.com
CUST0145,Vikram,Patel,Chennai,vikram.patel145@example.com
CUST0146,Rahul,Gupta,Mumbai,rahul.gupta146@example.com
CUST0147,Ananya,Wilson,Bengaluru,ananya.wilson147@example.com
CUST0148,Ananya,Iyer,Delhi,ananya.iyer148@example.com
CUST0149,Michael,Iyer,Chennai,michael.iyer149@example.com
CUST0150,Arjun,Davis,Hyderabad,arjun.davis150@example.com
CUST0151,Karthik,Verma,Hyderabad,karthik.verma151@example.com
CUST0152,Vihaan,Sharma,Delhi,vihaan.sharma152@example.com
CUST0153,Divya,Smith,Mumbai,divya.smith153@example.com
CUST0154,Meera,Verma,Bengaluru,meera.verma154@example.com
CUST0155,Sneha,Davis,Madurai,sneha.davis155@example.com
CUST0156,Ananya,Kumar,Delhi,ananya.kumar156@example.com
CUST0157,Aarav,Nair,Madurai,aarav.nair157@example.com
CUST0158,Divya,Gupta,Bengaluru,divya.gupta158@example.com
CUST0159,Kavya,Verma,Mumbai,kavya.verma159@example.com
CUST0160,Arjun,Smith,Hyderabad,arjun.smith160@example.com
CUST0161,David,Reddy,Delhi,david.reddy161@example.com
CUST0162,Kavya,Gupta,Hyderabad,kavya.gupta162@example.com
CUST0163,Michael,Singh,Madurai,michael.singh163@example.com
CUST0164,Meera,Brown,Delhi,meera.brown164@example.com
CUST0165,Karthik,Verma,Hyderabad,karthik.verma165@example.com
CUST0166,Sneha,Nair,Chennai,sneha.nair166@example.com
CUST0167,Priya,Reddy,Madurai,priya.reddy167@example.com
CUST0168,Meera,Johnson,Mumbai,meera.johnson168@example.com
CUST0169,Nisha,Das,Pune,nisha.das169@example.com
CUST0170,Rahul,Nair,Pune,rahul.nair170@example.com
CUST0171,Karthik,Brown,Bengaluru,karthik.brown171@example.com
CUST0172,Priya,Nair,Mumbai,priya.nair172@example.com
CUST0173,Aditya,Wilson,Madurai,aditya.wilson173@example.com
CUST0174,Priya,Patel,Madurai,priya.patel174@example.com
CUST0175,Rohan,Kumar,Chennai,rohan.kumar175@example.com
CUST0176,Vikram,Das,Bengaluru,vikram.das176@example.com
CUST0177,Nisha,Gupta,Madurai,nisha.gupta177@example.com
CUST0178,Sneha,Das,Delhi,sneha.das178@example.com
CUST0179,Vikram,Singh,Chennai,vikram.singh179@example.com
CUST0180,Arjun,Johnson,Delhi,arjun.johnson180@example.com
CUST0181,Vikram,Singh,Pune,vikram.singh181@example.com
CUST0182,Vihaan,Nair,Madurai,vihaan.nair182@example.com
CUST0183,Arjun,Das,Coimbatore,arjun.das183@example.com
CUST0184,Nisha,Brown,Mumbai,nisha.brown184@example.com
CUST0185,Nisha,Verma,Delhi,nisha.verma185@example.com
CUST0186,Michael,Das,Coimbatore,michael.das186@example.com
CUST0187,John,Das,Hyderabad,john.das187@example.com
CUST0188,Vikram,Wilson,Hyderabad,vikram.wilson188@example.com
CUST0189,David,Das,Madurai,david.das189@example.com
CUST0190,Ananya,Das,Bengaluru,ananya.das190@example.com
CUST0191,Priya,Patel,Hyderabad,priya.patel191@example.com
CUST0192,Kavya,Iyer,Bengaluru,kavya.iyer192@example.com
CUST0193,Rohan,Singh,Madurai,rohan.singh193@example.com
CUST0194,Sneha,Smith,Coimbatore,sneha.smith194@example.com
CUST0195,Rahul,Sharma,Delhi,rahul.sharma195@example.com
CUST0196,Meera,Iyer,Pune,meera.iyer196@example.com
CUST0197,Meera,Kumar,Madurai,meera.kumar197@example.com
CUST0198,Meera,Gupta,Chennai,meera.gupta198@example.com
CUST0199,Sarah,Gupta,Pune,sarah.gupta199@example.com
CUST0200,Aarav,Iyer,Hyderabad,aarav.iyer200@example.com
CUST0201,Sneha,Wilson,Delhi,sneha.wilson201@example.com
CUST0202,Michael,Smith,Madurai,michael.smith202@example.com
CUST0203,John,Patel,Hyderabad,john.patel203@example.com
CUST0204,Meera,Das,Chennai,meera.das204@example.com
CUST0205,Sneha,Iyer,Delhi,sneha.iyer205@example.com
CUST0206,Karthik,Wilson,Pune,karthik.wilson206@example.com
CUST0207,Rohan,Verma,Chennai,rohan.verma207@example.com
CUST0208,Sneha,Verma,Chennai,sneha.verma208@example.com
CUST0209,Aditya,Brown,Delhi,aditya.brown209@example.com
CUST0210,Rohan,Wilson,Pune,rohan.wilson210@example.com
CUST0211,Karthik,Kumar,Hyderabad,karthik.kumar211@example.com
CUST0212,Sneha,Iyer,Madurai,sneha.iyer212@example.com
CUST0213,Nisha,Iyer,Mumbai,nisha.iyer213@example.com
CUST0214,Sneha,Reddy,Delhi,sneha.reddy214@example.com
CUST0215,Ananya,Wilson,Bengaluru,ananya.wilson215@example.com
CUST0216,John,Kumar,Chennai,john.kumar216@example.com
CUST0217,Divya,Patel,Bengaluru,divya.patel217@example.com
CUST0218,Vihaan,Johnson,Chennai,vihaan.johnson218@example.com
CUST0219,Vikram,Patel,Chennai,vikram.patel219@example.com
CUST0220,Emily,Singh,Madurai,emily.singh220@example.com
CUST0221,Rohan,Das,Bengaluru,rohan.das221@example.com
CUST0222,Sarah,Patel,Pune,sarah.patel222@example.com
CUST0223,Ananya,Johnson,Mumbai,ananya.johnson223@example.com
CUST0224,Karthik,Verma,Bengaluru,karthik.verma224@example.com
CUST0225,Karthik,Reddy,Bengaluru,karthik.reddy225@example.com
CUST0226,Sarah,Kumar,Hyderabad,sarah.kumar226@example.com
CUST0227,Sarah,Brown,Delhi,sarah.brown227@example.com
CUST0228,Sneha,Smith,Madurai,sneha.smith228@example.com
CUST0229,Aditya,Verma,Madurai,aditya.verma229@example.com
CUST0230,Arjun,Smith,Hyderabad,arjun.smith230@example.com
CUST0231,Emily,Johnson,Bengaluru,emily.johnson231@example.com
CUST0232,Sarah,Johnson,Chennai,sarah.johnson232@example.com
CUST0233,Divya,Nair,Delhi,divya.nair233@example.com
CUST0234,Divya,Sharma,Mumbai,divya.sharma234@example.com
CUST0235,Aarav,Wilson,Delhi,aarav.wilson235@example.com
CUST0236,John,Sharma,Delhi,john.sharma236@example.com
CUST0237,Divya,Brown,Pune,divya.brown237@example.com
CUST0238,Rohan,Gupta,Coimbatore,rohan.gupta238@example.com
CUST0239,David,Brown,Hyderabad,david.brown239@example.com
CUST0240,Emily,Johnson,Pune,emily.johnson240@example.com
CUST0241,Nisha,Gupta,Hyderabad,nisha.gupta241@example.com
CUST0242,Kavya,Wilson,Madurai,kavya.wilson242@example.com
CUST0243,Aditya,Reddy,Pune,aditya.reddy243@example.com
CUST0244,Vikram,Johnson,Pune,vikram.johnson244@example.com
CUST0245,Sarah,Verma,Delhi,sarah.verma245@example.com
CUST0246,Kavya,Kumar,Pune,kavya.kumar246@example.com
CUST0247,Kavya,Singh,Pune,kavya.singh247@example.com
CUST0248,Rahul,Iyer,Hyderabad,rahul.iyer248@example.com
CUST0249,Kavya,Reddy,Hyderabad,kavya.reddy249@example.com
CUST0250,Michael,Kumar,Madurai,michael.kumar250@example.com
CUST0251,Aditya,Patel,Delhi,aditya.patel251@example.com
CUST0252,John,Nair,Madurai,john.nair252@example.com
CUST0253,John,Brown,Pune,john.brown253@example.com
CUST0254,Nisha,Johnson,Chennai,nisha.johnson254@example.com
CUST0255,Aditya,Reddy,Madurai,aditya.reddy255@example.com
CUST0256,Sneha,Smith,Madurai,sneha.smith256@example.com
CUST0257,Priya,Brown,Mumbai,priya.brown257@example.com
CUST0258,John,Nair,Mumbai,john.nair258@example.com
CUST0259,Meera,Smith,Mumbai,meera.smith259@example.com
CUST0260,Divya,Smith,Pune,divya.smith260@example.com
CUST0261,Ananya,Reddy,Hyderabad,ananya.reddy261@example.com
CUST0262,Vikram,Sharma,Madurai,vikram.sharma262@example.com
CUST0263,Kavya,Sharma,Coimbatore,kavya.sharma263@example.com
CUST0264,Rahul,Patel,Pune,rahul.patel264@example.com
CUST0265,Ananya,Smith,Hyderabad,ananya.smith265@example.com
CUST0266,Arjun,Wilson,Madurai,arjun.wilson266@example.com
CUST0267,Priya,Patel,Mumbai,priya.patel267@example.com
CUST0268,Karthik,Reddy,Chennai,karthik.reddy268@example.com
CUST0269,Michael,Singh,Hyderabad,michael.singh269@example.com
CUST0270,Vihaan,Kumar,Hyderabad,vihaan.kumar270@example.com
CUST0271,Rohan,Brown,Pune,rohan.brown271@example.com
CUST0272,Arjun,Wilson,Chennai,arjun.wilson272@example.com
CUST0273,Sarah,Reddy,Pune,sarah.reddy273@example.com
CUST0274,John,Das,Mumbai,john.das274@example.com
CUST0275,Karthik,Kumar,Hyderabad,karthik.kumar275@example.com
CUST0276,John,Sharma,Bengaluru,john.sharma276@example.com
CUST0277,Sneha,Das,Bengaluru,sneha.das277@example.com
CUST0278,Sarah,Brown,Chennai,sarah.brown278@example.com
CUST0279,Rohan,Singh,Hyderabad,rohan.singh279@example.com
CUST0280,Aditya,Patel,Bengaluru,aditya.patel280@example.com
CUST0281,Michael,Johnson,Delhi,michael.johnson281@example.com
CUST0282,Emily,Verma,Madurai,emily.verma282@example.com
CUST0283,David,Gupta,Pune,david.gupta283@example.com
CUST0284,Nisha,Reddy,Delhi,nisha.reddy284@example.com
CUST0285,Priya,Verma,Chennai,priya.verma285@example.com
CUST0286,Emily,Smith,Bengaluru,emily.smith286@example.com
CUST0287,Rahul,Brown,Madurai,rahul.brown287@example.com
CUST0288,Ananya,Brown,Bengaluru,ananya.brown288@example.com
CUST0289,Karthik,Patel,Coimbatore,karthik.patel289@example.com
CUST0290,Michael,Sharma,Coimbatore,michael.sharma290@example.com
CUST0291,Aarav,Gupta,Pune,aarav.gupta291@example.com
CUST0292,Emily,Das,Hyderabad,emily.das292@example.com
CUST0293,Vihaan,Patel,Hyderabad,vihaan.patel293@example.com
CUST0294,Priya,Smith,Pune,priya.smith294@example.com
CUST0295,Aditya,Brown,Madurai,aditya.brown295@example.com
CUST0296,Ananya,Johnson,Madurai,ananya.johnson296@example.com
CUST0297,Meera,Sharma,Madurai,meera.sharma297@example.com
CUST0298,Rohan,Davis,Hyderabad,rohan.davis298@example.com
CUST0299,Rohan,Sharma,Chennai,rohan.sharma299@example.com
CUST0300,Karthik,Johnson,Hyderabad,karthik.johnson300@example.com
CUST0301,Emily,Smith,Hyderabad,emily.smith301@example.com
CUST0302,Nisha,Sharma,Pune,nisha.sharma302@example.com
CUST0303,Priya,Smith,Delhi,priya.smith303@example.com
CUST0304,Ananya,Nair,Pune,ananya.nair304@example.com
CUST0305,Nisha,Sharma,Chennai,nisha.sharma305@example.com
CUST0306,Meera,Smith,Mumbai,meera.smith306@example.com
CUST0307,Emily,Reddy,Chennai,emily.reddy307@example.com
CUST0308,Aditya,Patel,Chennai,aditya.patel308@example.com
CUST0309,Ananya,Verma,Chennai,ananya.verma309@example.com
CUST0310,Karthik,Das,Pune,karthik.das310@example.com
CUST0311,Ananya,Singh,Delhi,ananya.singh311@example.com
CUST0312,John,Sharma,Pune,john.sharma312@example.com
CUST0313,Divya,Gupta,Mumbai,divya.gupta313@example.com
CUST0314,Kavya,Brown,Bengaluru,kavya.brown314@example.com
CUST0315,Karthik,Iyer,Delhi,karthik.iyer315@example.com
CUST0316,John,Reddy,Delhi,john.reddy316@example.com
CUST0317,Michael,Kumar,Pune,michael.kumar317@example.com
CUST0318,Aditya,Iyer,Hyderabad,aditya.iyer318@example.com
CUST0319,Kavya,Sharma,Delhi,kavya.sharma319@example.com
CUST0320,David,Wilson,Chennai,david.wilson320@example.com
CUST0321,Michael,Das,Delhi,michael.das321@example.com
CUST0322,Vihaan,Patel,Mumbai,vihaan.patel322@example.com
CUST0323,Emily,Johnson,Pune,emily.johnson323@example.com
CUST0324,Nisha,Johnson,Chennai,nisha.johnson324@example.com
CUST0325,Rahul,Reddy,Coimbatore,rahul.reddy325@example.com
CUST0326,Priya,Das,Pune,priya.das326@example.com
CUST0327,Arjun,Kumar,Madurai,arjun.kumar327@example.com
CUST0328,Karthik,Reddy,Chennai,karthik.reddy328@example.com
CUST0329,Michael,Gupta,Bengaluru,michael.gupta329@example.com
CUST0330,Vikram,Wilson,Bengaluru,vikram.wilson330@example.com
CUST0331,Nisha,Sharma,Coimbatore,nisha.sharma331@example.com
CUST0332,John,Davis,Hyderabad,john.davis332@example.com
CUST0333,David,Smith,Hyderabad,david.smith333@example.com
CUST0334,Meera,Wilson,Pune,meera.wilson334@example.com
CUST0335,John,Patel,Pune,john.patel335@example.com
CUST0336,Michael,Singh,Delhi,michael.singh336@example.com
CUST0337,Rahul,Davis,Coimbatore,rahul.davis337@example.com
CUST0338,Aditya,Reddy,Delhi,aditya.reddy338@example.com
CUST0339,Kavya,Davis,Hyderabad,kavya.davis339@example.com
CUST0340,Aarav,Reddy,Hyderabad,aarav.reddy340@example.com
CUST0341,Sarah,Verma,Pune,sarah.verma341@example.com
CUST0342,Rohan,Das,Pune,rohan.das342@example.com
CUST0343,Divya,Iyer,Delhi,divya.iyer343@example.com
CUST0344,Nisha,Davis,Mumbai,nisha.davis344@example.com
CUST0345,Rahul,Smith,Madurai,rahul.smith345@example.com
CUST0346,Sarah,Gupta,Madurai,sarah.gupta346@example.com
CUST0347,Meera,Kumar,Mumbai,meera.kumar347@example.com
CUST0348,John,Smith,Delhi,john.smith348@example.com
CUST0349,Sneha,Brown,Coimbatore,sneha.brown349@example.com
CUST0350,John,Kumar,Coimbatore,john.kumar350@example.com
CUST0351,David,Verma,Mumbai,david.verma351@example.com
CUST0352,Arjun,Wilson,Pune,arjun.wilson352@example.com
CUST0353,Arjun,Nair,Pune,arjun.nair353@example.com
CUST0354,Aarav,Smith,Coimbatore,aarav.smith354@example.com
CUST0355,Meera,Wilson,Coimbatore,meera.wilson355@example.com
CUST0356,Aditya,Das,Hyderabad,aditya.das356@example.com
CUST0357,Kavya,Verma,Delhi,kavya.verma357@example.com
CUST0358,Aditya,Wilson,Mumbai,aditya.wilson358@example.com
CUST0359,Michael,Gupta,Mumbai,michael.gupta359@example.com
CUST0360,John,Wilson,Chennai,john.wilson360@example.com
CUST0361,Emily,Sharma,Madurai,emily.sharma361@example.com
CUST0362,Priya,Patel,Bengaluru,priya.patel362@example.com
CUST0363,Meera,Sharma,Bengaluru,meera.sharma363@example.com
CUST0364,Nisha,Singh,Hyderabad,nisha.singh364@example.com
CUST0365,Aarav,Kumar,Mumbai,aarav.kumar365@example.com
CUST0366,Vihaan,Reddy,Mumbai,vihaan.reddy366@example.com
CUST0367,Divya,Gupta,Coimbatore,divya.gupta367@example.com
CUST0368,Vikram,Nair,Delhi,vikram.nair368@example.com
CUST0369,Sarah,Brown,Coimbatore,sarah.brown369@example.com
CUST0370,Karthik,Singh,Bengaluru,karthik.singh370@example.com
CUST0371,Emily,Wilson,Delhi,emily.wilson371@example.com
CUST0372,Emily,Brown,Madurai,emily.brown372@example.com
CUST0373,John,Davis,Coimbatore,john.davis373@example.com
CUST0374,Vikram,Das,Hyderabad,vikram.das374@example.com
CUST0375,Nisha,Reddy,Chennai,nisha.reddy375@example.com
CUST0376,Nisha,Davis,Hyderabad,nisha.davis376@example.com
CUST0377,Michael,Singh,Bengaluru,michael.singh377@example.com
CUST0378,Nisha,Iyer,Hyderabad,nisha.iyer378@example.com
CUST0379,Meera,Smith,Hyderabad,meera.smith379@example.com
CUST0380,Nisha,Wilson,Hyderabad,nisha.wilson380@example.com
CUST0381,Rahul,Gupta,Pune,rahul.gupta381@example.com
CUST0382,Arjun,Patel,Delhi,arjun.patel382@example.com
CUST0383,Sarah,Iyer,Hyderabad,sarah.iyer383@example.com
CUST0384,Priya,Kumar,Delhi,priya.kumar384@example.com
CUST0385,Ananya,Kumar,Chennai,ananya.kumar385@example.com
CUST0386,Emily,Smith,Pune,emily.smith386@example.com
CUST0387,Priya,Johnson,Madurai,priya.johnson387@example.com
CUST0388,Emily,Johnson,Mumbai,emily.johnson388@example.com
CUST0389,Vikram,Brown,Madurai,vikram.brown389@example.com
CUST0390,Emily,Reddy,Coimbatore,emily.reddy390@example.com
CUST0391,Arjun,Davis,Chennai,arjun.davis391@example.com
CUST0392,Priya,Johnson,Pune,priya.johnson392@example.com
CUST0393,Vihaan,Verma,Mumbai,vihaan.verma393@example.com
CUST0394,Rohan,Sharma,Hyderabad,rohan.sharma394@example.com
CUST0395,Kavya,Smith,Delhi,kavya.smith395@example.com
CUST0396,Karthik,Patel,Coimbatore,karthik.patel396@example.com
CUST0397,Michael,Davis,Mumbai,michael.davis397@example.com
CUST0398,David,Nair,Hyderabad,david.nair398@example.com
CUST0399,Karthik,Reddy,Pune,karthik.reddy399@example.com
CUST0400,Priya,Smith,Mumbai,priya.smith400@example.com
CUST0401,Arjun,Das,Bengaluru,arjun.das401@example.com
CUST0402,Rohan,Johnson,Madurai,rohan.johnson402@example.com
CUST0403,Sneha,Wilson,Mumbai,sneha.wilson403@example.com
CUST0404,Aditya,Johnson,Delhi,aditya.johnson404@example.com
CUST0405,Aarav,Reddy,Bengaluru,aarav.reddy405@example.com
CUST0406,Nisha,Iyer,Hyderabad,nisha.iyer406@example.com
CUST0407,Sarah,Gupta,Mumbai,sarah.gupta407@example.com
CUST0408,Arjun,Brown,Madurai,arjun.brown408@example.com
CUST0409,John,Kumar,Mumbai,john.kumar409@example.com
CUST0410,Emily,Patel,Bengaluru,emily.patel410@example.com
CUST0411,Nisha,Davis,Hyderabad,nisha.davis411@example.com
CUST0412,Meera,Sharma,Coimbatore,meera.sharma412@example.com
CUST0413,Vihaan,Kumar,Hyderabad,vihaan.kumar413@example.com
CUST0414,John,Sharma,Bengaluru,john.sharma414@example.com
CUST0415,Vikram,Davis,Coimbatore,vikram.davis415@example.com
CUST0416,Sneha,Das,Mumbai,sneha.das416@example.com
CUST0417,Michael,Gupta,Coimbatore,michael.gupta417@example.com
CUST0418,Meera,Brown,Bengaluru,meera.brown418@example.com
CUST0419,John,Verma,Delhi,john.verma419@example.com
CUST0420,Ananya,Kumar,Mumbai,ananya.kumar420@example.com
CUST0421,Rahul,Das,Pune,rahul.das421@example.com
CUST0422,Vikram,Wilson,Mumbai,vikram.wilson422@example.com
CUST0423,Arjun,Brown,Mumbai,arjun.brown423@example.com
CUST0424,Michael,Davis,Mumbai,michael.davis424@example.com
CUST0425,Vihaan,Gupta,Hyderabad,vihaan.gupta425@example.com
CUST0426,Rahul,Sharma,Pune,rahul.sharma426@example.com
CUST0427,Aditya,Brown,Madurai,aditya.brown427@example.com
CUST0428,Emily,Kumar,Chennai,emily.kumar428@example.com
CUST0429,Kavya,Patel,Coimbatore,kavya.patel429@example.com
CUST0430,Sarah,Patel,Bengaluru,sarah.patel430@example.com
CUST0431,Michael,Patel,Madurai,michael.patel431@example.com
CUST0432,Vikram,Iyer,Coimbatore,vikram.iyer432@example.com
CUST0433,Emily,Kumar,Hyderabad,emily.kumar433@example.com
CUST0434,Rohan,Singh,Hyderabad,rohan.singh434@example.com
CUST0435,Karthik,Sharma,Chennai,karthik.sharma435@example.com
CUST0436,Rohan,Kumar,Mumbai,rohan.kumar436@example.com
CUST0437,Vikram,Verma,Mumbai,vikram.verma437@example.com
CUST0438,Aarav,Singh,Hyderabad,aarav.singh438@example.com
CUST0439,Vihaan,Singh,Delhi,vihaan.singh439@example.com
CUST0440,David,Sharma,Bengaluru,david.sharma440@example.com
CUST0441,John,Das,Mumbai,john.das441@example.com
CUST0442,David,Verma,Bengaluru,david.verma442@example.com
CUST0443,Nisha,Nair,Madurai,nisha.nair443@example.com
CUST0444,Emily,Kumar,Hyderabad,emily.kumar444@example.com
CUST0445,Nisha,Brown,Chennai,nisha.brown445@example.com
CUST0446,Vihaan,Das,Delhi,vihaan.das446@example.com
CUST0447,Meera,Brown,Bengaluru,meera.brown447@example.com
CUST0448,John,Smith,Pune,john.smith448@example.com
CUST0449,Aditya,Davis,Bengaluru,aditya.davis449@example.com
CUST0450,Kavya,Verma,Coimbatore,kavya.verma450@example.com
CUST0451,Aditya,Singh,Hyderabad,aditya.singh451@example.com
CUST0452,Emily,Brown,Mumbai,emily.brown452@example.com
CUST0453,Sneha,Verma,Hyderabad,sneha.verma453@example.com
CUST0454,Nisha,Nair,Delhi,nisha.nair454@example.com
CUST0455,Arjun,Johnson,Bengaluru,arjun.johnson455@example.com
CUST0456,Michael,Smith,Madurai,michael.smith456@example.com
CUST0457,Meera,Das,Madurai,meera.das457@example.com
CUST0458,Meera,Iyer,Pune,meera.iyer458@example.com
CUST0459,Sneha,Gupta,Bengaluru,sneha.gupta459@example.com
CUST0460,Kavya,Gupta,Mumbai,kavya.gupta460@example.com
CUST0461,Ananya,Iyer,Coimbatore,ananya.iyer461@example.com
CUST0462,John,Sharma,Bengaluru,john.sharma462@example.com
CUST0463,Aditya,Sharma,Delhi,aditya.sharma463@example.com
CUST0464,Arjun,Smith,Mumbai,arjun.smith464@example.com
CUST0465,Rohan,Nair,Chennai,rohan.nair465@example.com
CUST0466,Sarah,Nair,Mumbai,sarah.nair466@example.com
CUST0467,Arjun,Gupta,Mumbai,arjun.gupta467@example.com
CUST0468,Meera,Wilson,Chennai,meera.wilson468@example.com
CUST0469,Priya,Verma,Hyderabad,priya.verma469@example.com
CUST0470,Divya,Sharma,Madurai,divya.sharma470@example.com
CUST0471,Rohan,Brown,Pune,rohan.brown471@example.com
CUST0472,Vikram,Wilson,Bengaluru,vikram.wilson472@example.com
CUST0473,Divya,Wilson,Mumbai,divya.wilson473@example.com
CUST0474,Arjun,Johnson,Hyderabad,arjun.johnson474@example.com
CUST0475,Sarah,Patel,Delhi,sarah.patel475@example.com
CUST0476,Michael,Johnson,Chennai,michael.johnson476@example.com
CUST0477,Emily,Davis,Hyderabad,emily.davis477@example.com
CUST0478,Aarav,Singh,Hyderabad,aarav.singh478@example.com
CUST0479,Priya,Davis,Mumbai,priya.davis479@example.com
CUST0480,Divya,Kumar,Coimbatore,divya.kumar480@example.com
CUST0481,Rohan,Verma,Delhi,rohan.verma481@example.com
CUST0482,Aditya,Singh,Chennai,aditya.singh482@example.com
CUST0483,Aditya,Smith,Madurai,aditya.smith483@example.com
CUST0484,Sneha,Gupta,Pune,sneha.gupta484@example.com
CUST0485,Kavya,Singh,Mumbai,kavya.singh485@example.com
CUST0486,Priya,Smith,Mumbai,priya.smith486@example.com
CUST0487,Sarah,Verma,Bengaluru,sarah.verma487@example.com
CUST0488,Vihaan,Singh,Coimbatore,vihaan.singh488@example.com
CUST0489,Emily,Kumar,Bengaluru,emily.kumar489@example.com
CUST0490,Ananya,Das,Delhi,ananya.das490@example.com
CUST0491,John,Verma,Pune,john.verma491@example.com
CUST0492,Meera,Reddy,Madurai,meera.reddy492@example.com
CUST0493,David,Sharma,Mumbai,david.sharma493@example.com
CUST0494,Meera,Sharma,Hyderabad,meera.sharma494@example.com
CUST0495,Sarah,Das,Hyderabad,sarah.das495@example.com
CUST0496,Vihaan,Patel,Delhi,vihaan.patel496@example.com
CUST0497,Emily,Kumar,Chennai,emily.kumar497@example.com
CUST0498,Rahul,Reddy,Madurai,rahul.reddy498@example.com
CUST0499,Rohan,Johnson,Hyderabad,rohan.johnson499@example.com
CUST0500,Priya,Iyer,Bengaluru,priya.iyer500@example.com
