Order_ID,Customer_Name,City,Order_Date,Delivery_Date,Order_Value,Status
ORD1001,Meera Nair,Delhi,2026-07-29 15:21:50,,842,Processing
ORD1002,Vijay Nair,Madurai,2025-09-02 00:03:08,2025-09-02 08:03:08,4500,Delivered
ORD1003,Priya Kumar,Chennai,2025-06-04 02:38:12,2025-06-05 18:38:12,1628,Delivered
ORD1004,Divya Singh,Madurai,2026-02-19 05:22:01,2026-02-20 23:22:01,406,Delivered
ORD1005,Divya Iyer,Chennai,2025-11-06 10:37:10,2025-11-08 03:37:10,2580,Delivered
ORD1006,Rohan Iyer,Delhi,2026-07-12 04:23:38,2026-07-12 10:23:38,591,Delivered
ORD1007,Rahul Singh,Mumbai,2025-11-01 10:04:58,2025-11-03 14:04:58,2031,Delivered
ORD1008,Priya Nair,Pune,2025-12-05 02:05:11,,2796,Cancelled
ORD1009,Meera Kumar,Hyderabad,2025-10-05 13:30:28,2025-10-08 05:30:28,3970,Delivered
ORD1010,Divya Gupta,Delhi,2026-01-02 02:48:03,2026-01-04 13:48:03,4827,Delivered
ORD1011,Karthik Singh,Chennai,2025-04-22 10:35:19,2025-04-24 18:35:19,1885,Delivered
ORD1012,Arun Patel,Chennai,2025-09-03 22:41:27,,3885,Pending
ORD1013,Rohan Reddy,Chennai,2026-05-26 04:48:02,2026-05-29 02:48:02,2795,Delivered
ORD1014,Arun Gupta,Delhi,2025-09-04 12:54:45,2025-09-05 21:54:45,168,Delivered
ORD1015,Vijay Reddy,Bengaluru,2026-04-20 01:34:44,2026-04-22 06:34:44,1274,Delivered
ORD1016,Divya Nair,Mumbai,2025-02-27 15:45:05,2025-02-28 13:45:05,4135,Delivered
ORD1017,Vijay Patel,Bengaluru,2025-06-11 11:56:07,2025-06-12 08:56:07,2804,Delivered
ORD1018,Rohan Gupta,Hyderabad,2025-08-03 15:08:27,2025-08-06 13:08:27,2230,Delivered
ORD1019,Arun Patel,Delhi,2025-02-22 07:56:13,2025-02-25 05:56:13,1697,Delivered
ORD1020,Rahul Sharma,Chennai,2026-04-04 00:51:49,,1011,Pending
ORD1021,Divya Gupta,Mumbai,2025-02-08 17:06:09,2025-02-11 07:06:09,304,Delivered
ORD1022,Rohan Sharma,Mumbai,2026-05-10 14:46:23,2026-05-13 04:46:23,3644,Delivered
ORD1023,Kavya Iyer,Coimbatore,2026-01-25 13:23:07,2026-01-26 13:23:07,1054,Delivered
ORD1024,Sneha Singh,Hyderabad,2026-07-28 03:14:28,,1419,Processing
ORD1025,Rahul Nair,Pune,2026-02-07 23:26:24,2026-02-08 08:26:24,554,Delivered
ORD1026,Rahul Iyer,Pune,2026-01-02 05:27:39,,993,Cancelled
ORD1027,Priya Reddy,Mumbai,2025-04-24 05:57:13,2025-04-25 12:57:13,1932,Delivered
ORD1028,Rahul Singh,Delhi,2026-03-30 22:13:41,2026-04-01 14:13:41,1714,Delivered
ORD1029,Sneha Nair,Chennai,2025-12-18 06:26:04,2025-12-19 18:26:04,1334,Delivered
ORD1030,Priya Nair,Chennai,2026-05-16 14:00:11,,896,Processing
ORD1031,Arun Gupta,Mumbai,2026-01-05 17:11:52,2026-01-05 23:11:52,1875,Delivered
ORD1032,Priya Sharma,Bengaluru,2026-05-12 01:34:40,,3338,Cancelled
ORD1033,Sneha Patel,Hyderabad,2026-03-31 19:58:18,,420,Processing
ORD1034,Priya Sharma,Chennai,2025-05-04 04:14:50,2025-05-04 10:14:50,4106,Delivered
ORD1035,Meera Reddy,Mumbai,2026-04-05 02:57:02,2026-04-07 05:57:02,321,Delivered
ORD1036,Divya Gupta,Chennai,2026-06-26 13:49:15,2026-06-29 03:49:15,423,Delivered
ORD1037,Priya Gupta,Pune,2025-09-06 19:49:15,2025-09-09 04:49:15,2456,Delivered
ORD1038,Rahul Nair,Mumbai,2025-12-14 07:37:51,,1308,Cancelled
ORD1039,Karthik Iyer,Hyderabad,2025-05-27 09:30:37,,1856,Processing
ORD1040,Divya Iyer,Mumbai,2025-07-15 03:51:10,2025-07-16 05:51:10,1921,Delivered
ORD1041,Karthik Singh,Coimbatore,2026-03-24 22:33:33,2026-03-27 01:33:33,571,Delivered
ORD1042,Sneha Reddy,Mumbai,2026-01-06 22:30:03,,1359,Pending
ORD1043,Karthik Reddy,Mumbai,2025-01-29 02:33:08,2025-01-30 22:33:08,4825,Delivered
ORD1044,Karthik Kumar,Delhi,2026-02-24 04:24:38,,1040,Cancelled
ORD1045,Arun Kumar,Pune,2025-05-07 20:10:14,2025-05-10 18:10:14,4967,Delivered
ORD1046,Vijay Reddy,Hyderabad,2026-07-20 23:28:03,2026-07-22 01:28:03,3417,Delivered
ORD1047,Vijay Singh,Delhi,2025-08-22 17:24:40,2025-08-25 13:24:40,1623,Delivered
ORD1048,Vijay Singh,Mumbai,2025-02-09 04:22:37,2025-02-09 23:22:37,3393,Delivered
ORD1049,Rohan Kumar,Hyderabad,2026-07-27 18:41:53,2026-07-28 14:41:53,4628,Delivered
ORD1050,Sneha Gupta,Coimbatore,2026-06-02 19:22:33,2026-06-03 07:22:33,2331,Delivered
ORD1051,Arun Gupta,Hyderabad,2026-01-20 16:42:48,2026-01-22 15:42:48,1599,Delivered
ORD1052,Karthik Nair,Chennai,2025-01-17 23:08:09,,3246,Pending
ORD1053,Meera Sharma,Delhi,2025-07-14 23:16:04,,3406,Cancelled
ORD1054,Kavya Nair,Hyderabad,2025-11-27 14:19:07,2025-11-30 06:19:07,3306,Delivered
ORD1055,Sneha Patel,Pune,2025-05-12 20:32:46,2025-05-14 10:32:46,1740,Delivered
ORD1056,Kavya Nair,Coimbatore,2026-07-21 03:02:19,2026-07-22 16:02:19,4389,Delivered
ORD1057,Priya Iyer,Madurai,2025-01-31 21:39:55,2025-02-01 08:39:55,4131,Delivered
ORD1058,Priya Patel,Mumbai,2026-06-21 23:10:52,2026-06-22 02:10:52,1585,Delivered
ORD1059,Kavya Reddy,Hyderabad,2025-09-10 00:38:31,2025-09-11 09:38:31,373,Delivered
ORD1060,Divya Gupta,Mumbai,2025-06-06 00:24:14,2025-06-06 06:24:14,369,Delivered
ORD1061,Sneha Iyer,Bengaluru,2025-03-16 01:13:06,2025-03-18 03:13:06,4424,Delivered
ORD1062,Kavya Reddy,Chennai,2025-06-02 15:07:57,2025-06-03 01:07:57,1804,Delivered
ORD1063,Karthik Nair,Delhi,2025-01-22 15:42:08,2025-01-22 20:42:08,4678,Delivered
ORD1064,Priya Patel,Chennai,2026-03-13 10:55:31,,414,Processing
ORD1065,Karthik Gupta,Bengaluru,2026-05-31 01:15:29,2026-05-31 11:15:29,1103,Delivered
ORD1066,Priya Sharma,Bengaluru,2025-11-08 19:07:19,2025-11-10 15:07:19,4674,Delivered
ORD1067,Divya Sharma,Delhi,2025-09-24 12:24:35,2025-09-24 14:24:35,3883,Delivered
ORD1068,Rohan Patel,Hyderabad,2025-06-13 02:14:21,2025-06-13 15:14:21,2924,Delivered
ORD1069,Arun Gupta,Bengaluru,2025-08-09 20:43:49,,3274,Pending
ORD1070,Rohan Gupta,Madurai,2025-08-28 10:30:13,2025-08-28 12:30:13,629,Delivered
ORD1071,Arun Sharma,Mumbai,2025-09-16 12:13:55,,3664,Processing
ORD1072,Meera Sharma,Mumbai,2025-01-04 03:30:36,2025-01-06 18:30:36,1503,Delivered
ORD1073,Sneha Iyer,Coimbatore,2025-02-11 11:45:02,2025-02-12 04:45:02,3472,Delivered
ORD1074,Arun Gupta,Pune,2026-04-18 15:16:41,,4028,Pending
ORD1075,Divya Sharma,Bengaluru,2025-04-10 08:49:37,2025-04-10 23:49:37,1039,Delivered
ORD1076,Divya Kumar,Bengaluru,2025-08-13 22:48:41,2025-08-14 22:48:41,4004,Delivered
ORD1077,Sneha Reddy,Madurai,2025-07-28 21:35:57,2025-07-30 11:35:57,1074,Delivered
ORD1078,Rohan Nair,Chennai,2025-08-26 19:22:11,2025-08-28 06:22:11,2320,Delivered
ORD1079,Rohan Kumar,Chennai,2025-07-26 07:06:53,,2052,Processing
ORD1080,Rahul Kumar,Mumbai,2026-02-28 15:08:14,2026-03-03 12:08:14,2545,Delivered
ORD1081,Priya Patel,Mumbai,2026-05-31 08:54:31,2026-06-02 22:54:31,178,Delivered
ORD1082,Kavya Patel,Hyderabad,2026-01-30 21:31:57,2026-02-02 09:31:57,184,Delivered
ORD1083,Priya Gupta,Delhi,2026-02-26 16:27:02,2026-02-28 18:27:02,3739,Delivered
ORD1084,Rahul Reddy,Pune,2025-09-16 22:53:47,2025-09-17 07:53:47,2820,Delivered
ORD1085,Rahul Kumar,Madurai,2026-02-05 00:28:45,2026-02-06 10:28:45,3515,Delivered
ORD1086,Sneha Nair,Delhi,2025-02-08 23:10:12,2025-02-10 10:10:12,738,Delivered
ORD1087,Divya Patel,Delhi,2025-10-12 13:02:09,,3368,Cancelled
ORD1088,Rahul Reddy,Coimbatore,2026-02-24 15:51:10,2026-02-26 07:51:10,3288,Delivered
ORD1089,Arun Sharma,Delhi,2025-01-31 10:45:08,2025-02-03 02:45:08,1053,Delivered
ORD1090,Karthik Sharma,Coimbatore,2026-03-05 19:25:11,,4236,Processing
ORD1091,Arun Patel,Delhi,2026-07-23 23:42:51,2026-07-26 11:42:51,2319,Delivered
ORD1092,Rohan Nair,Madurai,2026-05-31 16:53:00,2026-06-03 08:53:00,489,Delivered
ORD1093,Karthik Sharma,Coimbatore,2025-01-15 20:59:20,2025-01-18 20:59:20,4420,Delivered
ORD1094,Karthik Reddy,Chennai,2025-09-22 13:22:22,2025-09-23 00:22:22,1864,Delivered
ORD1095,Vijay Singh,Coimbatore,2026-03-25 05:37:48,2026-03-25 19:37:48,4842,Delivered
ORD1096,Vijay Kumar,Coimbatore,2025-01-01 13:36:24,,4696,Processing
ORD1097,Divya Patel,Madurai,2025-05-05 20:51:18,2025-05-07 02:51:18,706,Delivered
ORD1098,Arun Patel,Madurai,2025-03-17 21:09:28,2025-03-19 08:09:28,3237,Delivered
ORD1099,Rohan Iyer,Coimbatore,2025-11-26 01:41:43,,3416,Pending
ORD1100,Rohan Reddy,Pune,2025-07-31 14:13:20,2025-07-31 19:13:20,3717,Delivered
ORD1101,Kavya Singh,Bengaluru,2026-07-12 12:49:47,2026-07-13 14:49:47,2206,Delivered
ORD1102,Rahul Patel,Pune,2025-10-02 12:08:55,2025-10-05 02:08:55,4049,Delivered
ORD1103,Vijay Sharma,Madurai,2025-05-28 05:07:22,,1166,Processing
ORD1104,Arun Reddy,Pune,2026-07-18 20:00:50,2026-07-20 14:00:50,2212,Delivered
ORD1105,Sneha Nair,Pune,2025-07-05 12:51:28,2025-07-06 06:51:28,988,Delivered
ORD1106,Karthik Patel,Hyderabad,2026-02-13 11:12:07,2026-02-15 03:12:07,1787,Delivered
ORD1107,Rohan Singh,Hyderabad,2026-05-25 21:16:18,2026-05-28 21:16:18,4471,Delivered
ORD1108,Priya Nair,Chennai,2026-03-20 16:34:42,2026-03-22 07:34:42,3646,Delivered
ORD1109,Rahul Patel,Delhi,2025-10-08 15:09:20,2025-10-09 05:09:20,1963,Delivered
ORD1110,Rohan Patel,Coimbatore,2026-07-28 21:17:56,,3629,Pending
ORD1111,Karthik Kumar,Bengaluru,2025-08-09 00:16:41,2025-08-11 03:16:41,1601,Delivered
ORD1112,Priya Reddy,Chennai,2026-06-04 13:45:29,2026-06-06 03:45:29,2463,Delivered
ORD1113,Kavya Gupta,Coimbatore,2025-11-19 19:42:32,,1664,Pending
ORD1114,Priya Nair,Pune,2026-03-09 23:02:51,,1381,Processing
ORD1115,Rohan Kumar,Madurai,2025-07-05 08:10:46,2025-07-05 23:10:46,1795,Delivered
ORD1116,Sneha Singh,Hyderabad,2025-11-09 14:33:44,2025-11-10 15:33:44,3149,Delivered
ORD1117,Sneha Nair,Mumbai,2026-08-18 01:42:35,2026-08-18 18:42:35,3590,Delivered
ORD1118,Sneha Kumar,Bengaluru,2025-05-18 20:20:49,,4206,Processing
ORD1119,Kavya Reddy,Pune,2025-03-24 12:35:44,,455,Processing
ORD1120,Karthik Reddy,Mumbai,2025-02-22 14:39:43,2025-02-24 17:39:43,3686,Delivered
ORD1121,Priya Kumar,Hyderabad,2026-07-23 20:20:06,,1873,Cancelled
ORD1122,Divya Nair,Pune,2026-04-26 19:33:56,2026-04-28 22:33:56,1839,Delivered
ORD1123,Karthik Patel,Delhi,2026-06-24 15:55:14,2026-06-27 13:55:14,1667,Delivered
ORD1124,Priya Singh,Delhi,2026-03-29 04:53:41,2026-03-29 10:53:41,4067,Delivered
ORD1125,Sneha Patel,Mumbai,2025-06-22 05:48:48,,569,Pending
ORD1126,Vijay Patel,Madurai,2026-01-30 01:07:46,2026-01-30 08:07:46,3086,Delivered
ORD1127,Divya Iyer,Pune,2026-05-24 00:01:40,,4012,Cancelled
ORD1128,Sneha Kumar,Coimbatore,2025-05-28 05:54:54,,4379,Pending
ORD1129,Kavya Reddy,Pune,2026-05-19 01:22:21,,1600,Pending
ORD1130,Rahul Reddy,Madurai,2025-09-14 16:40:34,2025-09-17 08:40:34,3246,Delivered
ORD1131,Rohan Kumar,Pune,2026-06-21 03:03:28,2026-06-21 18:03:28,3411,Delivered
ORD1132,Sneha Iyer,Mumbai,2025-05-29 02:42:12,2025-05-30 07:42:12,1314,Delivered
ORD1133,Meera Reddy,Madurai,2025-03-22 00:42:30,2025-03-23 09:42:30,2019,Delivered
ORD1134,Vijay Sharma,Hyderabad,2025-09-23 13:28:30,2025-09-24 16:28:30,1969,Delivered
ORD1135,Vijay Iyer,Bengaluru,2025-10-29 15:47:25,,2855,Processing
ORD1136,Divya Sharma,Madurai,2026-04-14 07:12:38,2026-04-15 12:12:38,3665,Delivered
ORD1137,Sneha Kumar,Pune,2026-04-02 12:27:06,2026-04-04 02:27:06,1492,Delivered
ORD1138,Kavya Iyer,Hyderabad,2025-12-20 07:58:00,2025-12-22 16:58:00,2376,Delivered
ORD1139,Meera Singh,Bengaluru,2026-01-10 17:03:10,2026-01-11 20:03:10,1229,Delivered
ORD1140,Rohan Singh,Delhi,2025-10-09 15:49:34,2025-10-11 22:49:34,4356,Delivered
ORD1141,Sneha Kumar,Coimbatore,2025-03-17 08:27:05,2025-03-18 17:27:05,4713,Delivered
ORD1142,Sneha Patel,Mumbai,2026-05-02 20:50:49,,2929,Processing
ORD1143,Divya Reddy,Pune,2025-04-02 07:02:19,2025-04-05 01:02:19,2678,Delivered
ORD1144,Rohan Patel,Pune,2025-01-09 21:46:38,,963,Processing
ORD1145,Meera Patel,Delhi,2025-09-13 10:35:11,,2181,Cancelled
ORD1146,Meera Iyer,Coimbatore,2026-07-22 05:08:54,2026-07-23 19:08:54,472,Delivered
ORD1147,Arun Patel,Delhi,2025-11-26 02:14:08,,3119,Processing
ORD1148,Karthik Patel,Chennai,2025-04-03 06:16:19,2025-04-04 13:16:19,1053,Delivered
ORD1149,Arun Nair,Delhi,2025-02-08 13:17:48,,1691,Cancelled
ORD1150,Meera Patel,Hyderabad,2026-03-03 01:14:07,2026-03-05 05:14:07,3653,Delivered
ORD1151,Sneha Reddy,Bengaluru,2026-02-03 11:33:23,,2803,Cancelled
ORD1152,Meera Singh,Pune,2025-03-07 10:37:17,,2626,Cancelled
ORD1153,Rohan Sharma,Delhi,2026-06-15 06:40:38,,3490,Cancelled
ORD1154,Vijay Iyer,Pune,2025-07-25 10:46:04,,4393,Pending
ORD1155,Karthik Nair,Madurai,2026-03-04 01:34:06,2026-03-04 06:34:06,1291,Delivered
ORD1156,Vijay Kumar,Coimbatore,2025-10-03 22:46:02,2025-10-05 03:46:02,999,Delivered
ORD1157,Arun Gupta,Delhi,2026-05-15 11:55:15,2026-05-17 10:55:15,516,Delivered
ORD1158,Meera Gupta,Bengaluru,2025-09-24 03:03:40,2025-09-26 23:03:40,3047,Delivered
ORD1159,Kavya Kumar,Hyderabad,2025-09-12 06:59:18,2025-09-14 03:59:18,1239,Delivered
ORD1160,Vijay Patel,Chennai,2026-02-27 14:37:46,2026-02-27 16:37:46,4191,Delivered
ORD1161,Karthik Patel,Pune,2025-12-29 03:16:02,,2188,Processing
ORD1162,Rahul Kumar,Coimbatore,2025-09-05 02:58:29,2025-09-06 14:58:29,3010,Delivered
ORD1163,Divya Kumar,Mumbai,2025-09-29 19:23:07,,4420,Cancelled
ORD1164,Karthik Kumar,Bengaluru,2026-01-24 20:46:57,2026-01-25 22:46:57,2004,Delivered
ORD1165,Divya Nair,Mumbai,2026-07-14 00:15:40,,4833,Cancelled
ORD1166,Sneha Singh,Bengaluru,2026-02-22 18:04:40,,644,Processing
ORD1167,Kavya Nair,Bengaluru,2026-08-07 19:26:44,2026-08-10 16:26:44,3332,Delivered
ORD1168,Rahul Reddy,Hyderabad,2025-06-19 11:46:35,2025-06-20 07:46:35,1934,Delivered
ORD1169,Rohan Reddy,Hyderabad,2025-12-04 21:14:03,,3660,Pending
ORD1170,Priya Sharma,Hyderabad,2026-05-26 00:35:31,2026-05-27 14:35:31,3936,Delivered
ORD1171,Karthik Patel,Delhi,2025-04-07 03:21:01,2025-04-07 09:21:01,4280,Delivered
ORD1172,Meera Patel,Madurai,2026-02-16 14:44:13,2026-02-19 14:44:13,1148,Delivered
ORD1173,Meera Nair,Bengaluru,2026-02-07 06:25:14,2026-02-08 05:25:14,4619,Delivered
ORD1174,Rohan Gupta,Coimbatore,2026-08-12 19:39:43,2026-08-14 18:39:43,1601,Delivered
ORD1175,Vijay Nair,Mumbai,2026-06-10 04:43:37,2026-06-12 02:43:37,1901,Delivered
ORD1176,Kavya Sharma,Hyderabad,2025-09-29 17:33:15,2025-09-30 05:33:15,2430,Delivered
ORD1177,Sneha Kumar,Delhi,2025-10-01 13:53:42,2025-10-02 02:53:42,4950,Delivered
ORD1178,Arun Singh,Hyderabad,2025-01-29 18:06:53,,4808,Processing
ORD1179,Meera Patel,Mumbai,2025-02-03 15:36:00,2025-02-06 03:36:00,3084,Delivered
ORD1180,Karthik Sharma,Mumbai,2025-11-20 11:26:56,,3884,Processing
ORD1181,Rohan Sharma,Pune,2026-04-02 14:19:36,2026-04-05 10:19:36,3496,Delivered
ORD1182,Rohan Sharma,Bengaluru,2025-12-18 05:01:14,2025-12-18 10:01:14,2023,Delivered
ORD1183,Rahul Singh,Hyderabad,2025-09-18 02:58:05,2025-09-19 15:58:05,4684,Delivered
ORD1184,Vijay Nair,Mumbai,2025-01-26 20:50:00,2025-01-29 20:50:00,3953,Delivered
ORD1185,Divya Patel,Madurai,2025-10-02 03:22:27,2025-10-03 10:22:27,2129,Delivered
ORD1186,Arun Kumar,Madurai,2026-03-15 09:18:04,2026-03-15 18:18:04,848,Delivered
ORD1187,Kavya Iyer,Hyderabad,2025-03-09 09:16:24,2025-03-11 12:16:24,1462,Delivered
ORD1188,Divya Iyer,Delhi,2026-01-29 00:32:02,2026-01-30 05:32:02,3112,Delivered
ORD1189,Rohan Gupta,Mumbai,2025-12-12 14:12:54,2025-12-14 06:12:54,3088,Delivered
ORD1190,Rohan Iyer,Pune,2026-02-22 20:34:13,2026-02-24 13:34:13,4937,Delivered
ORD1191,Priya Sharma,Bengaluru,2026-06-19 06:01:43,2026-06-19 17:01:43,2450,Delivered
ORD1192,Arun Sharma,Bengaluru,2025-05-22 03:33:46,,3347,Pending
ORD1193,Vijay Patel,Delhi,2026-07-09 19:35:36,2026-07-09 20:35:36,276,Delivered
ORD1194,Kavya Kumar,Pune,2025-01-23 14:48:29,2025-01-25 12:48:29,1341,Delivered
ORD1195,Divya Iyer,Bengaluru,2025-06-16 22:01:08,,2789,Processing
ORD1196,Arun Sharma,Pune,2025-09-03 08:54:56,2025-09-04 20:54:56,4539,Delivered
ORD1197,Sneha Singh,Chennai,2026-06-06 11:29:54,2026-06-08 17:29:54,4066,Delivered
ORD1198,Priya Gupta,Hyderabad,2025-07-08 06:27:53,,1516,Processing
ORD1199,Meera Reddy,Bengaluru,2026-04-17 18:12:59,2026-04-17 19:12:59,1169,Delivered
ORD1200,Vijay Iyer,Madurai,2026-04-30 16:49:27,2026-05-03 07:49:27,4229,Delivered
ORD1201,Sneha Iyer,Mumbai,2025-09-26 22:01:50,2025-09-29 04:01:50,4664,Delivered
ORD1202,Sneha Iyer,Pune,2026-06-17 01:05:57,2026-06-19 08:05:57,4689,Delivered
ORD1203,Priya Iyer,Pune,2025-01-01 16:58:07,2025-01-03 08:58:07,834,Delivered
ORD1204,Meera Iyer,Coimbatore,2025-06-07 08:44:15,2025-06-07 23:44:15,3779,Delivered
ORD1205,Rahul Iyer,Delhi,2026-07-13 02:20:07,2026-07-13 23:20:07,3037,Delivered
ORD1206,Sneha Reddy,Coimbatore,2025-07-31 11:56:32,2025-08-02 10:56:32,1612,Delivered
ORD1207,Divya Patel,Bengaluru,2025-04-29 22:03:41,,4236,Processing
ORD1208,Arun Kumar,Coimbatore,2025-05-31 17:25:04,,2411,Cancelled
ORD1209,Priya Singh,Coimbatore,2025-07-14 15:16:09,2025-07-16 19:16:09,4330,Delivered
ORD1210,Sneha Kumar,Chennai,2026-04-09 09:56:03,2026-04-11 18:56:03,2991,Delivered
ORD1211,Kavya Singh,Pune,2025-03-30 14:21:49,2025-03-31 16:21:49,1917,Delivered
ORD1212,Divya Nair,Madurai,2026-03-14 15:54:14,2026-03-16 08:54:14,4330,Delivered
ORD1213,Meera Iyer,Delhi,2026-03-31 15:06:42,2026-04-02 02:06:42,3710,Delivered
ORD1214,Rohan Patel,Madurai,2025-07-19 00:08:16,2025-07-21 15:08:16,2262,Delivered
ORD1215,Vijay Kumar,Chennai,2026-01-06 22:25:40,,4908,Processing
ORD1216,Priya Singh,Chennai,2025-06-28 11:37:20,2025-06-30 01:37:20,776,Delivered
ORD1217,Karthik Gupta,Coimbatore,2025-10-08 05:08:32,2025-10-08 07:08:32,4309,Delivered
ORD1218,Sneha Iyer,Hyderabad,2025-02-27 11:10:50,2025-02-27 18:10:50,3564,Delivered
ORD1219,Priya Sharma,Pune,2025-01-10 09:52:48,2025-01-11 19:52:48,1525,Delivered
ORD1220,Sneha Patel,Mumbai,2026-01-26 23:15:13,,1331,Cancelled
ORD1221,Rahul Reddy,Pune,2025-05-14 04:11:45,,640,Pending
ORD1222,Priya Kumar,Mumbai,2025-08-26 23:08:11,,3879,Pending
ORD1223,Vijay Nair,Coimbatore,2025-08-17 20:29:41,2025-08-19 23:29:41,3684,Delivered
ORD1224,Priya Sharma,Mumbai,2025-03-31 12:21:42,2025-04-02 18:21:42,3446,Delivered
ORD1225,Karthik Nair,Chennai,2025-03-07 16:18:39,2025-03-08 16:18:39,2090,Delivered
ORD1226,Meera Nair,Madurai,2025-04-11 05:02:24,2025-04-12 06:02:24,4558,Delivered
ORD1227,Kavya Gupta,Mumbai,2026-04-10 20:35:12,2026-04-13 19:35:12,2032,Delivered
ORD1228,Arun Singh,Pune,2025-09-15 20:12:02,,3137,Pending
ORD1229,Karthik Kumar,Delhi,2026-03-15 23:08:45,2026-03-18 21:08:45,3309,Delivered
ORD1230,Kavya Nair,Coimbatore,2025-08-01 06:09:05,2025-08-02 15:09:05,4925,Delivered
ORD1231,Priya Iyer,Hyderabad,2025-09-10 10:00:11,2025-09-12 11:00:11,4680,Delivered
ORD1232,Sneha Patel,Coimbatore,2026-05-27 04:17:29,2026-05-28 09:17:29,831,Delivered
ORD1233,Rohan Reddy,Bengaluru,2025-03-05 09:40:47,2025-03-08 00:40:47,1223,Delivered
ORD1234,Meera Patel,Coimbatore,2025-10-27 03:51:33,,2537,Processing
ORD1235,Vijay Patel,Chennai,2026-01-17 18:55:27,,2544,Cancelled
ORD1236,Meera Gupta,Madurai,2025-01-13 22:50:43,,2843,Processing
ORD1237,Vijay Nair,Madurai,2025-05-16 15:01:10,2025-05-18 16:01:10,1520,Delivered
ORD1238,Meera Patel,Delhi,2026-08-01 14:44:26,2026-08-04 13:44:26,4894,Delivered
ORD1239,Divya Sharma,Mumbai,2026-05-26 23:52:23,2026-05-29 00:52:23,4490,Delivered
ORD1240,Karthik Nair,Chennai,2025-06-12 04:22:18,2025-06-13 00:22:18,2306,Delivered
ORD1241,Sneha Reddy,Bengaluru,2026-01-22 23:47:28,,2730,Cancelled
ORD1242,Rohan Reddy,Chennai,2026-04-16 13:47:42,2026-04-19 02:47:42,4541,Delivered
ORD1243,Rahul Patel,Coimbatore,2025-11-08 10:08:37,2025-11-10 11:08:37,2309,Delivered
ORD1244,Meera Patel,Chennai,2026-02-22 23:17:43,2026-02-25 22:17:43,3398,Delivered
ORD1245,Rohan Iyer,Chennai,2025-03-19 01:58:28,2025-03-19 02:58:28,3881,Delivered
ORD1246,Divya Gupta,Delhi,2025-12-30 04:11:31,,3979,Pending
ORD1247,Priya Singh,Bengaluru,2026-03-01 00:20:21,2026-03-03 03:20:21,1777,Delivered
ORD1248,Arun Nair,Coimbatore,2026-02-12 14:19:01,2026-02-14 22:19:01,3622,Delivered
ORD1249,Rohan Reddy,Hyderabad,2025-08-13 22:09:14,2025-08-16 12:09:14,177,Delivered
ORD1250,Karthik Kumar,Delhi,2025-07-15 10:54:54,2025-07-16 18:54:54,2135,Delivered
ORD1251,Rahul Patel,Hyderabad,2025-03-15 01:55:27,,4303,Pending
ORD1252,Kavya Reddy,Delhi,2025-12-23 19:05:04,,1671,Processing
ORD1253,Rahul Singh,Madurai,2026-05-17 16:52:24,,446,Processing
ORD1254,Arun Gupta,Pune,2026-02-16 14:30:19,,2331,Pending
ORD1255,Meera Iyer,Delhi,2026-02-12 13:31:38,2026-02-13 19:31:38,3552,Delivered
ORD1256,Arun Sharma,Mumbai,2026-02-18 05:34:07,2026-02-18 21:34:07,2446,Delivered
ORD1257,Kavya Reddy,Chennai,2026-04-19 11:56:12,2026-04-21 03:56:12,2747,Delivered
ORD1258,Kavya Reddy,Madurai,2025-10-10 19:40:42,2025-10-11 14:40:42,1051,Delivered
ORD1259,Priya Patel,Bengaluru,2025-03-16 02:53:23,,1248,Cancelled
ORD1260,Arun Sharma,Hyderabad,2025-02-17 20:41:54,2025-02-17 21:41:54,1827,Delivered
ORD1261,Arun Sharma,Pune,2026-02-03 21:38:33,,3031,Processing
ORD1262,Meera Reddy,Pune,2026-01-21 01:04:18,2026-01-23 19:04:18,1528,Delivered
ORD1263,Kavya Patel,Delhi,2025-09-02 09:00:03,2025-09-03 23:00:03,1398,Delivered
ORD1264,Karthik Sharma,Chennai,2025-08-15 01:43:59,2025-08-17 04:43:59,3885,Delivered
ORD1265,Rohan Kumar,Bengaluru,2025-05-01 14:59:18,,4391,Processing
ORD1266,Vijay Sharma,Mumbai,2025-05-04 20:23:15,2025-05-05 00:23:15,1414,Delivered
ORD1267,Arun Kumar,Bengaluru,2025-05-31 06:53:28,2025-05-31 07:53:28,2057,Delivered
ORD1268,Sneha Sharma,Chennai,2025-06-20 21:22:40,2025-06-21 05:22:40,1208,Delivered
ORD1269,Divya Reddy,Mumbai,2025-12-12 08:07:03,2025-12-13 13:07:03,2899,Delivered
ORD1270,Rohan Reddy,Bengaluru,2026-08-07 08:49:03,2026-08-09 15:49:03,2198,Delivered
ORD1271,Kavya Reddy,Mumbai,2025-04-16 16:49:42,,4398,Pending
ORD1272,Divya Singh,Delhi,2026-04-22 11:28:39,2026-04-23 19:28:39,2626,Delivered
ORD1273,Vijay Singh,Delhi,2025-07-09 15:36:42,2025-07-10 01:36:42,4166,Delivered
ORD1274,Meera Singh,Chennai,2025-02-11 19:30:00,2025-02-13 05:30:00,4753,Delivered
ORD1275,Rahul Reddy,Chennai,2025-07-23 17:43:52,2025-07-26 00:43:52,3347,Delivered
ORD1276,Karthik Gupta,Mumbai,2025-10-23 14:35:29,,4736,Pending
ORD1277,Karthik Gupta,Coimbatore,2025-05-21 02:44:38,2025-05-23 04:44:38,3703,Delivered
ORD1278,Meera Nair,Madurai,2026-05-22 22:39:26,2026-05-23 05:39:26,4590,Delivered
ORD1279,Vijay Reddy,Pune,2025-04-27 06:57:33,2025-04-27 14:57:33,1911,Delivered
ORD1280,Kavya Gupta,Bengaluru,2026-02-16 19:40:25,,370,Processing
ORD1281,Meera Patel,Bengaluru,2026-01-30 18:43:46,,4968,Pending
ORD1282,Priya Patel,Coimbatore,2026-05-03 03:52:38,2026-05-05 22:52:38,4773,Delivered
ORD1283,Divya Kumar,Coimbatore,2025-07-05 14:53:47,2025-07-08 01:53:47,3038,Delivered
ORD1284,Rahul Nair,Coimbatore,2025-06-03 02:29:35,2025-06-06 02:29:35,1814,Delivered
ORD1285,Karthik Iyer,Hyderabad,2025-08-23 17:48:09,,4136,Pending
ORD1286,Rohan Singh,Hyderabad,2026-02-18 21:04:56,2026-02-21 16:04:56,4726,Delivered
ORD1287,Kavya Sharma,Mumbai,2025-02-20 06:02:27,2025-02-22 09:02:27,3127,Delivered
ORD1288,Rahul Reddy,Hyderabad,2026-06-23 07:42:40,2026-06-23 15:42:40,2021,Delivered
ORD1289,Arun Singh,Delhi,2026-01-07 16:44:49,2026-01-09 02:44:49,1612,Delivered
ORD1290,Divya Singh,Delhi,2026-08-14 11:50:24,2026-08-15 22:50:24,494,Delivered
ORD1291,Divya Gupta,Chennai,2025-11-24 15:04:43,,194,Pending
ORD1292,Kavya Sharma,Pune,2026-07-22 14:44:20,2026-07-24 12:44:20,2218,Delivered
ORD1293,Divya Nair,Mumbai,2026-05-02 19:33:56,2026-05-03 11:33:56,1664,Delivered
ORD1294,Meera Patel,Pune,2026-01-15 14:30:55,2026-01-18 10:30:55,2748,Delivered
ORD1295,Rahul Sharma,Bengaluru,2026-02-07 17:25:14,,1151,Processing
ORD1296,Rohan Kumar,Madurai,2025-03-02 00:08:22,2025-03-04 06:08:22,1183,Delivered
ORD1297,Karthik Reddy,Chennai,2026-06-27 01:55:20,,2190,Pending
ORD1298,Divya Patel,Bengaluru,2025-09-29 09:31:14,2025-10-01 16:31:14,423,Delivered
ORD1299,Karthik Reddy,Bengaluru,2025-12-25 04:42:23,2025-12-27 04:42:23,2797,Delivered
ORD1300,Vijay Gupta,Mumbai,2025-05-25 17:07:27,2025-05-26 00:07:27,1929,Delivered
ORD1301,Vijay Iyer,Coimbatore,2025-11-19 09:12:34,2025-11-19 16:12:34,4626,Delivered
ORD1302,Rohan Kumar,Coimbatore,2025-03-11 22:11:35,2025-03-13 07:11:35,628,Delivered
ORD1303,Rohan Patel,Pune,2025-12-23 20:13:39,,665,Pending
ORD1304,Sneha Iyer,Chennai,2025-10-27 00:07:38,2025-10-27 19:07:38,4436,Delivered
ORD1305,Vijay Kumar,Coimbatore,2025-09-25 09:03:03,2025-09-26 04:03:03,1341,Delivered
ORD1306,Meera Nair,Bengaluru,2025-07-23 08:19:47,2025-07-24 20:19:47,2818,Delivered
ORD1307,Karthik Gupta,Coimbatore,2026-01-30 03:53:09,,1561,Processing
ORD1308,Sneha Reddy,Hyderabad,2025-05-08 08:08:29,,3430,Pending
ORD1309,Kavya Singh,Coimbatore,2026-04-03 04:30:26,2026-04-03 06:30:26,421,Delivered
ORD1310,Rahul Iyer,Bengaluru,2026-01-19 20:09:33,,292,Processing
ORD1311,Kavya Patel,Pune,2025-05-11 21:49:12,2025-05-13 20:49:12,3482,Delivered
ORD1312,Sneha Singh,Mumbai,2025-12-27 11:41:22,2025-12-30 08:41:22,937,Delivered
ORD1313,Kavya Gupta,Chennai,2025-09-02 06:26:32,,1831,Pending
ORD1314,Rohan Reddy,Madurai,2025-09-09 14:42:36,,772,Cancelled
ORD1315,Karthik Sharma,Coimbatore,2025-05-13 18:36:01,2025-05-13 20:36:01,3991,Delivered
ORD1316,Priya Iyer,Delhi,2025-08-15 13:58:23,2025-08-18 08:58:23,3826,Delivered
ORD1317,Vijay Kumar,Delhi,2026-02-26 23:36:13,2026-02-27 11:36:13,2722,Delivered
ORD1318,Rahul Iyer,Pune,2025-04-03 09:37:21,,3410,Processing
ORD1319,Rohan Iyer,Bengaluru,2025-03-03 13:53:05,2025-03-03 18:53:05,4862,Delivered
ORD1320,Sneha Patel,Madurai,2025-08-07 11:40:37,2025-08-09 00:40:37,216,Delivered
ORD1321,Karthik Nair,Madurai,2026-06-28 01:00:18,2026-06-29 15:00:18,4436,Delivered
ORD1322,Divya Iyer,Hyderabad,2026-07-18 12:40:47,2026-07-18 21:40:47,4766,Delivered
ORD1323,Vijay Iyer,Madurai,2026-05-17 04:51:08,2026-05-19 09:51:08,1290,Delivered
ORD1324,Vijay Nair,Delhi,2025-10-02 08:47:36,,2464,Processing
ORD1325,Arun Nair,Mumbai,2025-07-21 08:08:03,2025-07-22 08:08:03,2682,Delivered
ORD1326,Karthik Gupta,Bengaluru,2026-03-27 02:06:24,2026-03-28 08:06:24,3730,Delivered
ORD1327,Meera Sharma,Bengaluru,2025-05-02 19:23:47,2025-05-05 06:23:47,1337,Delivered
ORD1328,Priya Gupta,Coimbatore,2025-05-23 20:54:56,,4621,Processing
ORD1329,Rohan Kumar,Coimbatore,2026-04-19 04:16:13,2026-04-19 13:16:13,4898,Delivered
ORD1330,Meera Iyer,Coimbatore,2025-12-12 08:56:15,2025-12-14 00:56:15,3489,Delivered
ORD1331,Rohan Kumar,Delhi,2025-12-19 15:12:55,,698,Cancelled
ORD1332,Kavya Nair,Delhi,2026-03-24 18:50:39,,4237,Cancelled
ORD1333,Kavya Gupta,Pune,2026-05-02 22:30:31,,222,Cancelled
ORD1334,Rohan Singh,Delhi,2025-09-30 02:01:42,,348,Processing
ORD1335,Vijay Reddy,Delhi,2025-04-19 20:40:34,2025-04-20 22:40:34,3351,Delivered
ORD1336,Sneha Kumar,Delhi,2025-03-09 17:59:44,,1931,Pending
ORD1337,Arun Gupta,Delhi,2026-07-11 01:10:23,2026-07-12 06:10:23,721,Delivered
ORD1338,Rohan Singh,Mumbai,2025-10-16 17:55:44,,940,Cancelled
ORD1339,Kavya Kumar,Delhi,2026-07-16 05:46:23,,1788,Pending
ORD1340,Rohan Gupta,Pune,2026-03-15 03:36:26,,1981,Pending
ORD1341,Divya Sharma,Madurai,2026-02-19 14:57:54,2026-02-21 08:57:54,2005,Delivered
ORD1342,Divya Gupta,Madurai,2026-07-18 08:20:37,2026-07-20 01:20:37,1324,Delivered
ORD1343,Karthik Singh,Hyderabad,2025-01-23 22:58:29,2025-01-25 12:58:29,3890,Delivered
ORD1344,Sneha Kumar,Mumbai,2026-04-23 22:42:53,,3427,Processing
ORD1345,Karthik Sharma,Coimbatore,2026-08-07 21:20:29,,328,Processing
ORD1346,Karthik Reddy,Chennai,2025-07-31 19:01:57,2025-08-02 08:01:57,2394,Delivered
ORD1347,Rohan Kumar,Delhi,2026-05-20 04:53:57,2026-05-21 05:53:57,4236,Delivered
ORD1348,Priya Singh,Hyderabad,2025-05-03 22:04:28,2025-05-05 01:04:28,884,Delivered
ORD1349,Rohan Reddy,Chennai,2025-04-28 16:07:14,,948,Pending
ORD1350,Rohan Reddy,Pune,2025-03-12 15:58:45,,937,Cancelled
ORD1351,Sneha Iyer,Madurai,2025-11-02 03:40:10,2025-11-02 09:40:10,2945,Delivered
ORD1352,Kavya Patel,Hyderabad,2025-11-11 14:05:08,2025-11-13 06:05:08,4454,Delivered
ORD1353,Vijay Singh,Pune,2025-05-12 02:10:37,,4738,Cancelled
ORD1354,Arun Gupta,Hyderabad,2025-08-11 14:53:20,,3234,Pending
ORD1355,Arun Patel,Bengaluru,2026-02-09 18:36:47,2026-02-12 17:36:47,3068,Delivered
ORD1356,Karthik Nair,Pune,2025-08-27 05:45:04,2025-08-27 15:45:04,881,Delivered
ORD1357,Arun Kumar,Madurai,2026-01-20 21:44:36,2026-01-22 18:44:36,1279,Delivered
ORD1358,Rahul Sharma,Madurai,2026-07-23 10:48:27,2026-07-24 03:48:27,3596,Delivered
ORD1359,Kavya Nair,Mumbai,2025-07-04 00:47:56,2025-07-05 02:47:56,1755,Delivered
ORD1360,Kavya Sharma,Hyderabad,2026-04-18 10:57:07,2026-04-21 00:57:07,3928,Delivered
ORD1361,Arun Singh,Delhi,2026-03-09 00:43:14,,2895,Cancelled
ORD1362,Kavya Singh,Madurai,2025-05-26 14:27:11,2025-05-29 06:27:11,3320,Delivered
ORD1363,Divya Iyer,Hyderabad,2025-08-29 23:03:12,,4839,Pending
ORD1364,Meera Kumar,Mumbai,2025-09-18 06:24:16,2025-09-20 12:24:16,3083,Delivered
ORD1365,Priya Reddy,Delhi,2026-05-21 19:51:07,2026-05-24 12:51:07,1365,Delivered
ORD1366,Karthik Patel,Pune,2025-05-28 01:43:55,2025-05-30 04:43:55,474,Delivered
ORD1367,Divya Singh,Mumbai,2025-03-01 09:06:37,2025-03-03 14:06:37,2000,Delivered
ORD1368,Rahul Iyer,Bengaluru,2025-02-09 22:42:36,,1640,Pending
ORD1369,Rohan Kumar,Delhi,2026-03-05 05:21:56,,1043,Processing
ORD1370,Arun Nair,Hyderabad,2026-02-27 05:45:41,2026-02-28 10:45:41,1540,Delivered
ORD1371,Rahul Reddy,Madurai,2026-06-21 01:26:58,2026-06-21 22:26:58,3539,Delivered
ORD1372,Arun Reddy,Madurai,2025-11-17 07:28:23,,4389,Cancelled
ORD1373,Sneha Nair,Hyderabad,2025-05-11 12:06:52,2025-05-13 04:06:52,4629,Delivered
ORD1374,Rahul Singh,Hyderabad,2025-11-10 15:06:24,2025-11-11 02:06:24,2413,Delivered
ORD1375,Meera Kumar,Hyderabad,2025-10-20 18:59:57,,3582,Pending
ORD1376,Kavya Gupta,Coimbatore,2026-05-02 18:52:14,2026-05-05 05:52:14,2521,Delivered
ORD1377,Kavya Patel,Delhi,2026-06-06 16:59:14,2026-06-08 07:59:14,3236,Delivered
ORD1378,Karthik Sharma,Madurai,2026-07-30 17:22:03,2026-08-01 23:22:03,4462,Delivered
ORD1379,Divya Iyer,Delhi,2026-04-06 06:57:36,,1665,Pending
ORD1380,Rahul Kumar,Mumbai,2026-03-15 13:05:00,2026-03-16 13:05:00,3067,Delivered
ORD1381,Vijay Nair,Madurai,2026-05-17 23:03:48,2026-05-18 21:03:48,2502,Delivered
ORD1382,Karthik Iyer,Coimbatore,2025-06-19 13:31:11,,1317,Pending
ORD1383,Divya Gupta,Hyderabad,2026-01-03 04:38:46,2026-01-05 12:38:46,260,Delivered
ORD1384,Rahul Sharma,Bengaluru,2025-05-22 16:00:32,,4477,Pending
ORD1385,Karthik Singh,Hyderabad,2025-08-08 19:39:43,2025-08-10 07:39:43,3805,Delivered
ORD1386,Rahul Sharma,Pune,2025-02-14 23:33:22,,3943,Processing
ORD1387,Kavya Nair,Hyderabad,2026-05-09 10:29:44,2026-05-12 00:29:44,1905,Delivered
ORD1388,Divya Patel,Coimbatore,2025-07-22 03:28:41,2025-07-23 05:28:41,1727,Delivered
ORD1389,Arun Kumar,Delhi,2025-01-24 00:32:53,2025-01-26 18:32:53,1446,Delivered
ORD1390,Vijay Singh,Madurai,2026-03-01 00:26:33,2026-03-02 16:26:33,3924,Delivered
ORD1391,Vijay Singh,Hyderabad,2026-02-09 17:34:58,,2370,Cancelled
ORD1392,Arun Iyer,Madurai,2026-01-11 20:49:43,,1122,Processing
ORD1393,Arun Reddy,Chennai,2026-01-29 12:18:53,2026-02-01 01:18:53,1180,Delivered
ORD1394,Rohan Patel,Mumbai,2025-06-20 07:58:15,2025-06-22 02:58:15,2743,Delivered
ORD1395,Vijay Iyer,Delhi,2025-10-16 00:10:25,,4142,Pending
ORD1396,Divya Singh,Madurai,2025-10-07 23:30:39,,4763,Processing
ORD1397,Arun Iyer,Bengaluru,2025-10-10 07:08:05,2025-10-11 22:08:05,1063,Delivered
ORD1398,Priya Nair,Mumbai,2025-07-26 23:25:50,2025-07-28 10:25:50,2331,Delivered
ORD1399,Rohan Singh,Pune,2025-05-15 10:46:50,2025-05-15 13:46:50,3347,Delivered
ORD1400,Sneha Reddy,Pune,2025-04-28 23:10:57,2025-04-30 19:10:57,1612,Delivered
ORD1401,Priya Iyer,Bengaluru,2026-05-15 15:01:45,2026-05-17 18:01:45,2528,Delivered
ORD1402,Karthik Patel,Hyderabad,2025-11-14 19:52:48,2025-11-15 07:52:48,3604,Delivered
ORD1403,Arun Reddy,Mumbai,2025-09-02 13:32:23,2025-09-03 08:32:23,3703,Delivered
ORD1404,Kavya Iyer,Madurai,2026-04-19 00:43:12,,1457,Pending
ORD1405,Karthik Gupta,Mumbai,2026-08-01 16:47:04,2026-08-04 03:47:04,1339,Delivered
ORD1406,Karthik Iyer,Hyderabad,2025-10-15 14:57:57,2025-10-17 15:57:57,837,Delivered
ORD1407,Karthik Singh,Coimbatore,2025-01-06 18:34:23,2025-01-09 07:34:23,4811,Delivered
ORD1408,Sneha Reddy,Delhi,2025-10-23 12:37:58,2025-10-24 05:37:58,1357,Delivered
ORD1409,Divya Patel,Bengaluru,2025-11-05 13:10:09,2025-11-07 22:10:09,2044,Delivered
ORD1410,Divya Sharma,Hyderabad,2026-01-18 15:15:36,2026-01-20 22:15:36,1961,Delivered
ORD1411,Meera Kumar,Coimbatore,2025-04-17 07:34:47,2025-04-19 06:34:47,3333,Delivered
ORD1412,Rohan Nair,Mumbai,2025-12-14 12:03:24,2025-12-15 00:03:24,3947,Delivered
ORD1413,Meera Iyer,Mumbai,2025-06-22 10:53:47,2025-06-25 00:53:47,1794,Delivered
ORD1414,Meera Kumar,Hyderabad,2026-07-18 20:00:57,2026-07-19 04:00:57,4118,Delivered
ORD1415,Priya Iyer,Madurai,2025-09-15 17:46:46,,2866,Cancelled
ORD1416,Meera Reddy,Mumbai,2025-03-17 09:00:40,2025-03-20 07:00:40,340,Delivered
ORD1417,Rohan Reddy,Madurai,2025-05-24 21:09:55,,1485,Cancelled
ORD1418,Priya Sharma,Madurai,2025-03-12 14:20:28,2025-03-13 15:20:28,4953,Delivered
ORD1419,Kavya Kumar,Delhi,2025-12-03 17:38:27,2025-12-04 05:38:27,3256,Delivered
ORD1420,Arun Singh,Madurai,2026-04-10 05:46:40,2026-04-10 20:46:40,528,Delivered
ORD1421,Arun Patel,Chennai,2026-02-24 14:24:07,2026-02-27 01:24:07,4632,Delivered
ORD1422,Karthik Singh,Delhi,2025-11-03 03:45:49,,3979,Pending
ORD1423,Rahul Sharma,Coimbatore,2025-07-13 13:09:33,,765,Pending
ORD1424,Priya Kumar,Coimbatore,2026-08-01 11:48:02,,2480,Pending
ORD1425,Rahul Nair,Mumbai,2026-05-06 15:33:42,2026-05-07 23:33:42,1904,Delivered
ORD1426,Priya Patel,Mumbai,2025-01-29 23:29:31,2025-01-30 09:29:31,613,Delivered
ORD1427,Divya Sharma,Madurai,2025-02-06 18:43:45,2025-02-07 10:43:45,1116,Delivered
ORD1428,Sneha Iyer,Delhi,2025-01-12 12:42:41,2025-01-15 11:42:41,4417,Delivered
ORD1429,Meera Singh,Delhi,2025-02-18 10:10:39,2025-02-19 03:10:39,3308,Delivered
ORD1430,Karthik Gupta,Chennai,2025-01-08 17:05:26,2025-01-09 16:05:26,3774,Delivered
ORD1431,Sneha Patel,Madurai,2025-01-08 12:19:10,2025-01-09 14:19:10,839,Delivered
ORD1432,Rohan Iyer,Chennai,2025-08-22 06:06:13,2025-08-22 13:06:13,2772,Delivered
ORD1433,Kavya Patel,Pune,2025-01-02 09:00:34,,2362,Pending
ORD1434,Rahul Patel,Madurai,2026-07-21 10:19:42,,532,Processing
ORD1435,Rahul Gupta,Bengaluru,2025-09-21 00:42:36,,2406,Processing
ORD1436,Priya Iyer,Bengaluru,2026-06-22 07:02:45,2026-06-24 07:02:45,3960,Delivered
ORD1437,Vijay Sharma,Hyderabad,2025-02-21 04:23:21,2025-02-24 04:23:21,3653,Delivered
ORD1438,Sneha Singh,Madurai,2025-01-13 11:53:20,2025-01-15 22:53:20,1562,Delivered
ORD1439,Sneha Gupta,Delhi,2025-10-31 03:25:39,,1733,Pending
ORD1440,Meera Kumar,Mumbai,2026-01-13 00:56:09,2026-01-13 18:56:09,521,Delivered
ORD1441,Arun Nair,Coimbatore,2026-05-18 02:26:13,2026-05-20 13:26:13,760,Delivered
ORD1442,Sneha Kumar,Hyderabad,2025-11-14 16:10:54,,265,Cancelled
ORD1443,Kavya Singh,Mumbai,2025-02-10 13:05:57,2025-02-11 03:05:57,596,Delivered
ORD1444,Priya Reddy,Bengaluru,2025-10-17 22:21:30,2025-10-19 05:21:30,1541,Delivered
ORD1445,Kavya Kumar,Madurai,2025-04-13 10:17:31,2025-04-14 10:17:31,3474,Delivered
ORD1446,Rahul Sharma,Hyderabad,2025-11-25 23:53:04,2025-11-28 11:53:04,1490,Delivered
ORD1447,Rohan Sharma,Madurai,2025-08-06 03:53:24,2025-08-08 00:53:24,4660,Delivered
ORD1448,Vijay Gupta,Bengaluru,2025-10-22 04:21:15,2025-10-22 07:21:15,3089,Delivered
ORD1449,Sneha Singh,Hyderabad,2025-07-25 19:24:22,2025-07-27 08:24:22,3849,Delivered
ORD1450,Vijay Singh,Bengaluru,2025-12-26 00:43:47,2025-12-27 19:43:47,1223,Delivered
ORD1451,Divya Iyer,Chennai,2025-08-27 22:38:36,,4963,Cancelled
ORD1452,Kavya Sharma,Bengaluru,2025-12-09 00:12:15,2025-12-11 07:12:15,3719,Delivered
ORD1453,Rohan Reddy,Delhi,2025-01-06 04:49:55,2025-01-07 19:49:55,3300,Delivered
ORD1454,Arun Kumar,Delhi,2025-09-11 17:11:57,2025-09-12 08:11:57,1755,Delivered
ORD1455,Kavya Gupta,Madurai,2026-04-12 12:53:02,,4807,Processing
ORD1456,Arun Kumar,Coimbatore,2025-12-31 22:33:23,2026-01-01 23:33:23,2444,Delivered
ORD1457,Kavya Singh,Bengaluru,2026-01-21 00:38:39,2026-01-21 13:38:39,3812,Delivered
ORD1458,Arun Sharma,Mumbai,2025-12-20 01:06:20,,4632,Cancelled
ORD1459,Kavya Kumar,Delhi,2025-02-09 02:46:09,,4947,Cancelled
ORD1460,Meera Nair,Pune,2025-02-03 13:43:23,2025-02-05 07:43:23,1133,Delivered
ORD1461,Sneha Nair,Coimbatore,2026-07-25 04:22:01,,501,Cancelled
ORD1462,Sneha Kumar,Chennai,2026-06-04 19:03:57,2026-06-07 02:03:57,1874,Delivered
ORD1463,Meera Sharma,Hyderabad,2026-05-04 00:45:06,2026-05-05 18:45:06,2101,Delivered
ORD1464,Sneha Sharma,Hyderabad,2026-02-12 10:05:43,2026-02-13 20:05:43,1429,Delivered
ORD1465,Rahul Patel,Delhi,2025-09-16 20:29:50,2025-09-18 02:29:50,2057,Delivered
ORD1466,Vijay Gupta,Coimbatore,2026-08-02 21:54:26,,4998,Pending
ORD1467,Rohan Patel,Delhi,2025-03-15 03:28:27,2025-03-15 16:28:27,1174,Delivered
ORD1468,Kavya Reddy,Hyderabad,2026-04-26 13:57:13,2026-04-27 07:57:13,695,Delivered
ORD1469,Rohan Singh,Pune,2025-01-17 11:21:26,,4324,Pending
ORD1470,Meera Singh,Bengaluru,2025-02-12 18:39:21,,2531,Pending
ORD1471,Divya Patel,Coimbatore,2026-04-29 11:15:48,2026-05-01 09:15:48,1038,Delivered
ORD1472,Arun Singh,Madurai,2026-04-19 09:52:52,2026-04-20 14:52:52,1255,Delivered
ORD1473,Rohan Kumar,Bengaluru,2025-05-17 14:27:09,2025-05-20 04:27:09,2699,Delivered
ORD1474,Meera Sharma,Bengaluru,2026-01-26 11:31:34,,2140,Pending
ORD1475,Kavya Reddy,Bengaluru,2025-11-17 02:35:42,2025-11-19 11:35:42,4148,Delivered
ORD1476,Divya Gupta,Madurai,2026-02-26 06:07:04,,3925,Processing
ORD1477,Arun Reddy,Pune,2025-02-19 16:55:39,2025-02-22 00:55:39,2962,Delivered
ORD1478,Karthik Gupta,Chennai,2025-05-15 08:44:36,2025-05-15 18:44:36,1070,Delivered
ORD1479,Kavya Gupta,Pune,2026-07-17 15:36:32,2026-07-18 21:36:32,4795,Delivered
ORD1480,Arun Kumar,Pune,2025-03-12 13:18:49,2025-03-13 14:18:49,2211,Delivered
ORD1481,Vijay Singh,Pune,2026-03-22 14:08:57,2026-03-22 19:08:57,4637,Delivered
ORD1482,Priya Nair,Mumbai,2025-01-10 07:08:48,,3789,Processing
ORD1483,Priya Singh,Delhi,2025-08-30 04:56:14,2025-09-01 05:56:14,3315,Delivered
ORD1484,Meera Kumar,Hyderabad,2025-01-13 01:47:13,2025-01-13 04:47:13,4585,Delivered
ORD1485,Priya Iyer,Delhi,2025-09-27 01:11:59,,2794,Pending
ORD1486,Karthik Sharma,Coimbatore,2025-04-27 21:39:09,2025-04-28 11:39:09,1195,Delivered
ORD1487,Priya Iyer,Pune,2025-01-07 03:05:25,,3706,Pending
ORD1488,Rahul Patel,Chennai,2026-07-25 05:20:47,2026-07-28 01:20:47,2831,Delivered
ORD1489,Divya Iyer,Coimbatore,2026-07-01 08:46:16,2026-07-02 02:46:16,3349,Delivered
ORD1490,Rahul Sharma,Delhi,2025-07-16 05:23:51,2025-07-18 19:23:51,1088,Delivered
ORD1491,Sneha Kumar,Hyderabad,2025-03-28 12:14:07,2025-03-30 01:14:07,591,Delivered
ORD1492,Karthik Nair,Madurai,2025-02-23 06:03:40,,2700,Processing
ORD1493,Divya Singh,Delhi,2025-06-25 01:48:22,2025-06-27 01:48:22,4375,Delivered
ORD1494,Meera Kumar,Bengaluru,2025-02-12 19:36:31,2025-02-15 12:36:31,746,Delivered
ORD1495,Rohan Reddy,Delhi,2026-01-07 18:51:42,2026-01-09 23:51:42,1655,Delivered
ORD1496,Sneha Singh,Bengaluru,2025-04-27 14:35:01,2025-04-28 05:35:01,1011,Delivered
ORD1497,Rohan Gupta,Madurai,2026-07-16 04:41:00,,2790,Processing
ORD1498,Arun Patel,Delhi,2025-02-11 19:30:10,2025-02-14 15:30:10,3881,Delivered
ORD1499,Arun Iyer,Chennai,2025-06-25 20:03:37,2025-06-26 08:03:37,1701,Delivered
ORD1500,Vijay Kumar,Chennai,2025-04-30 03:04:18,,3386,Processing
ORD1501,Priya Nair,Coimbatore,2026-01-26 00:46:28,2026-01-27 13:46:28,1886,Delivered
ORD1502,Vijay Sharma,Madurai,2026-06-21 08:33:25,,1599,Processing
ORD1503,Meera Singh,Pune,2025-11-29 22:35:57,2025-12-01 17:35:57,414,Delivered
ORD1504,Sneha Sharma,Chennai,2025-01-21 05:33:34,2025-01-24 03:33:34,2809,Delivered
ORD1505,Divya Patel,Delhi,2026-04-17 04:39:12,2026-04-18 19:39:12,2871,Delivered
ORD1506,Priya Patel,Madurai,2026-08-06 03:15:57,,1612,Pending
ORD1507,Vijay Gupta,Hyderabad,2026-06-19 21:48:45,,4402,Processing
ORD1508,Priya Sharma,Bengaluru,2025-01-27 11:43:47,2025-01-29 09:43:47,1595,Delivered
ORD1509,Sneha Nair,Delhi,2025-06-21 18:17:40,2025-06-22 05:17:40,2448,Delivered
ORD1510,Meera Kumar,Bengaluru,2025-09-27 14:52:59,2025-09-30 04:52:59,3075,Delivered
ORD1511,Kavya Iyer,Bengaluru,2025-03-18 08:38:39,2025-03-19 09:38:39,1782,Delivered
ORD1512,Karthik Reddy,Pune,2025-07-23 00:35:37,2025-07-25 23:35:37,2524,Delivered
ORD1513,Sneha Nair,Madurai,2025-12-26 22:41:51,,662,Processing
ORD1514,Kavya Patel,Madurai,2026-05-14 23:46:28,2026-05-15 03:46:28,365,Delivered
ORD1515,Arun Gupta,Coimbatore,2025-08-23 17:17:26,2025-08-26 04:17:26,3481,Delivered
ORD1516,Rahul Iyer,Bengaluru,2025-05-07 23:25:23,2025-05-10 23:25:23,2322,Delivered
ORD1517,Sneha Sharma,Coimbatore,2025-03-07 23:00:48,2025-03-08 19:00:48,3303,Delivered
ORD1518,Rohan Kumar,Pune,2026-07-29 02:16:29,2026-07-31 17:16:29,1856,Delivered
ORD1519,Sneha Iyer,Bengaluru,2026-08-19 08:42:05,2026-08-21 14:42:05,2256,Delivered
ORD1520,Vijay Nair,Coimbatore,2026-03-31 18:48:04,,1717,Cancelled
ORD1521,Vijay Kumar,Coimbatore,2026-01-27 16:53:42,2026-01-29 09:53:42,2358,Delivered
ORD1522,Meera Patel,Hyderabad,2025-02-28 20:28:41,2025-02-28 23:28:41,2481,Delivered
ORD1523,Vijay Sharma,Coimbatore,2025-11-18 21:05:13,2025-11-19 03:05:13,2303,Delivered
ORD1524,Karthik Singh,Madurai,2026-08-02 21:53:57,,1278,Cancelled
ORD1525,Kavya Singh,Coimbatore,2026-05-17 18:11:16,,3660,Pending
ORD1526,Rahul Patel,Bengaluru,2026-08-04 15:14:43,2026-08-06 21:14:43,4473,Delivered
ORD1527,Vijay Kumar,Coimbatore,2026-06-26 12:36:03,,3803,Pending
ORD1528,Kavya Patel,Chennai,2025-02-12 17:55:05,2025-02-14 18:55:05,2515,Delivered
ORD1529,Divya Sharma,Mumbai,2026-07-29 17:10:42,2026-07-30 02:10:42,3071,Delivered
ORD1530,Karthik Kumar,Bengaluru,2025-06-05 21:42:17,2025-06-06 17:42:17,4717,Delivered
ORD1531,Vijay Reddy,Chennai,2025-02-21 16:37:51,2025-02-24 05:37:51,1229,Delivered
ORD1532,Meera Patel,Pune,2026-02-09 00:25:27,2026-02-10 11:25:27,3661,Delivered
ORD1533,Divya Kumar,Bengaluru,2025-05-02 11:21:40,,2891,Processing
ORD1534,Karthik Iyer,Madurai,2025-11-29 06:49:39,,3170,Cancelled
ORD1535,Karthik Nair,Mumbai,2025-11-18 22:22:07,2025-11-19 15:22:07,378,Delivered
ORD1536,Vijay Patel,Mumbai,2026-02-06 02:23:19,2026-02-06 05:23:19,320,Delivered
ORD1537,Meera Kumar,Madurai,2025-11-14 17:28:47,2025-11-16 01:28:47,444,Delivered
ORD1538,Meera Sharma,Mumbai,2025-03-31 04:39:18,2025-03-31 17:39:18,4434,Delivered
ORD1539,Karthik Nair,Madurai,2025-12-02 14:58:09,2025-12-05 10:58:09,575,Delivered
ORD1540,Arun Kumar,Chennai,2026-06-26 03:52:16,2026-06-26 17:52:16,1068,Delivered
ORD1541,Vijay Reddy,Pune,2026-01-24 22:19:07,2026-01-25 09:19:07,3403,Delivered
ORD1542,Rohan Iyer,Hyderabad,2026-01-16 07:30:07,,648,Cancelled
ORD1543,Rahul Reddy,Bengaluru,2026-07-21 21:01:19,2026-07-24 16:01:19,2959,Delivered
ORD1544,Rahul Gupta,Madurai,2025-05-16 17:18:18,2025-05-17 22:18:18,975,Delivered
ORD1545,Sneha Kumar,Bengaluru,2025-07-22 12:49:23,,3929,Pending
ORD1546,Sneha Reddy,Pune,2025-09-21 03:12:11,2025-09-23 22:12:11,2008,Delivered
ORD1547,Meera Gupta,Chennai,2026-06-25 04:52:50,2026-06-26 05:52:50,2268,Delivered
ORD1548,Arun Patel,Hyderabad,2025-05-13 09:20:59,2025-05-15 03:20:59,295,Delivered
ORD1549,Karthik Nair,Pune,2025-06-24 00:04:48,2025-06-24 09:04:48,4715,Delivered
ORD1550,Rahul Iyer,Chennai,2025-09-12 21:48:16,,3727,Pending
ORD1551,Rohan Gupta,Mumbai,2026-02-09 14:46:02,2026-02-10 15:46:02,342,Delivered
ORD1552,Sneha Kumar,Bengaluru,2025-07-17 02:11:48,2025-07-17 07:11:48,4038,Delivered
ORD1553,Vijay Gupta,Delhi,2025-02-16 17:04:11,,201,Cancelled
ORD1554,Kavya Gupta,Hyderabad,2026-07-06 21:57:22,,2560,Cancelled
ORD1555,Karthik Reddy,Mumbai,2026-01-30 01:05:04,,1970,Cancelled
ORD1556,Arun Gupta,Pune,2026-02-05 22:35:12,2026-02-08 22:35:12,3114,Delivered
ORD1557,Divya Reddy,Hyderabad,2026-06-24 20:12:23,2026-06-25 01:12:23,2671,Delivered
ORD1558,Priya Reddy,Mumbai,2025-06-26 22:28:58,,2019,Processing
ORD1559,Sneha Patel,Chennai,2026-02-17 03:42:35,,2718,Pending
ORD1560,Priya Iyer,Madurai,2026-02-19 09:23:40,2026-02-22 07:23:40,2017,Delivered
ORD1561,Sneha Iyer,Bengaluru,2025-12-08 01:51:08,2025-12-09 14:51:08,2888,Delivered
ORD1562,Arun Iyer,Coimbatore,2026-07-24 21:13:47,2026-07-27 09:13:47,3419,Delivered
ORD1563,Arun Iyer,Coimbatore,2025-12-16 08:44:14,,3349,Processing
ORD1564,Meera Singh,Chennai,2025-04-23 07:11:41,2025-04-24 11:11:41,2729,Delivered
ORD1565,Meera Sharma,Pune,2025-05-10 02:08:01,2025-05-12 23:08:01,4155,Delivered
ORD1566,Rahul Patel,Bengaluru,2026-01-19 10:07:56,2026-01-21 02:07:56,390,Delivered
ORD1567,Priya Kumar,Pune,2025-02-04 10:44:02,2025-02-06 07:44:02,3590,Delivered
ORD1568,Meera Patel,Bengaluru,2026-03-18 08:55:13,,4781,Cancelled
ORD1569,Karthik Gupta,Chennai,2026-07-08 08:43:14,2026-07-10 18:43:14,1557,Delivered
ORD1570,Sneha Gupta,Bengaluru,2026-02-24 00:27:02,,3652,Pending
ORD1571,Rahul Iyer,Madurai,2026-03-08 21:57:36,,4188,Processing
ORD1572,Divya Nair,Pune,2025-11-18 21:43:35,2025-11-20 13:43:35,232,Delivered
ORD1573,Rohan Gupta,Chennai,2026-06-01 19:39:08,2026-06-03 11:39:08,3918,Delivered
ORD1574,Arun Iyer,Madurai,2025-02-25 22:32:57,2025-02-27 07:32:57,1100,Delivered
ORD1575,Arun Singh,Bengaluru,2026-04-30 02:41:13,,760,Pending
ORD1576,Rahul Sharma,Chennai,2026-01-16 03:09:13,2026-01-16 22:09:13,4819,Delivered
ORD1577,Divya Gupta,Bengaluru,2025-04-08 20:29:21,2025-04-10 12:29:21,3755,Delivered
ORD1578,Meera Kumar,Pune,2026-06-16 15:04:18,,4704,Pending
ORD1579,Priya Sharma,Chennai,2025-01-31 01:31:20,2025-02-02 12:31:20,3433,Delivered
ORD1580,Rahul Reddy,Bengaluru,2026-08-03 17:51:02,,2323,Processing
ORD1581,Sneha Kumar,Pune,2026-03-13 22:40:03,2026-03-15 15:40:03,3634,Delivered
ORD1582,Priya Reddy,Madurai,2025-09-25 22:56:57,2025-09-26 11:56:57,1672,Delivered
ORD1583,Arun Reddy,Delhi,2026-04-05 04:22:12,2026-04-07 01:22:12,2751,Delivered
ORD1584,Karthik Nair,Madurai,2025-08-17 00:01:53,,2807,Pending
ORD1585,Divya Sharma,Bengaluru,2025-07-15 23:59:40,2025-07-17 17:59:40,2309,Delivered
ORD1586,Arun Gupta,Chennai,2025-05-03 21:14:04,,2599,Cancelled
ORD1587,Vijay Sharma,Coimbatore,2026-01-30 12:24:23,,3980,Processing
ORD1588,Arun Singh,Madurai,2025-02-04 14:24:35,2025-02-06 04:24:35,271,Delivered
ORD1589,Karthik Sharma,Madurai,2026-08-05 09:54:32,,4518,Processing
ORD1590,Arun Gupta,Pune,2025-11-25 09:10:44,2025-11-25 16:10:44,1467,Delivered
ORD1591,Vijay Kumar,Mumbai,2025-02-09 00:02:00,2025-02-09 05:02:00,4643,Delivered
ORD1592,Arun Iyer,Coimbatore,2025-02-24 12:37:55,2025-02-26 09:37:55,2668,Delivered
ORD1593,Arun Singh,Bengaluru,2025-10-04 14:45:29,,1380,Processing
ORD1594,Rohan Singh,Delhi,2025-03-21 08:01:40,2025-03-22 15:01:40,1283,Delivered
ORD1595,Rahul Gupta,Chennai,2025-01-31 13:25:28,2025-02-01 12:25:28,1451,Delivered
ORD1596,Vijay Singh,Mumbai,2025-10-27 06:28:39,2025-10-29 00:28:39,4184,Delivered
ORD1597,Meera Patel,Bengaluru,2026-05-11 02:26:07,2026-05-11 12:26:07,2060,Delivered
ORD1598,Rohan Iyer,Hyderabad,2025-11-01 17:32:32,2025-11-03 01:32:32,1655,Delivered
ORD1599,Rohan Nair,Delhi,2025-11-13 12:56:15,,3335,Processing
ORD1600,Divya Kumar,Madurai,2025-05-14 16:58:11,,2066,Cancelled
ORD1601,Rohan Iyer,Hyderabad,2025-01-01 19:37:20,2025-01-03 10:37:20,3698,Delivered
ORD1602,Rohan Singh,Madurai,2026-06-21 06:32:06,,2907,Processing
ORD1603,Rahul Iyer,Madurai,2025-05-01 05:59:59,2025-05-01 07:59:59,2106,Delivered
ORD1604,Rohan Gupta,Hyderabad,2026-01-20 20:05:42,,328,Processing
ORD1605,Rahul Singh,Delhi,2026-03-18 13:01:49,2026-03-20 04:01:49,1046,Delivered
ORD1606,Priya Kumar,Pune,2025-07-29 20:52:27,2025-08-01 14:52:27,1701,Delivered
ORD1607,Rahul Singh,Hyderabad,2025-12-20 21:19:44,2025-12-21 10:19:44,641,Delivered
ORD1608,Vijay Iyer,Bengaluru,2026-02-01 04:19:02,,210,Processing
ORD1609,Rohan Nair,Mumbai,2025-02-13 07:13:16,2025-02-14 10:13:16,1227,Delivered
ORD1610,Priya Singh,Mumbai,2025-10-03 02:01:58,2025-10-03 19:01:58,3045,Delivered
ORD1611,Priya Nair,Hyderabad,2025-08-14 19:51:52,2025-08-17 07:51:52,4310,Delivered
ORD1612,Divya Iyer,Bengaluru,2025-07-11 22:32:02,2025-07-14 14:32:02,3833,Delivered
ORD1613,Sneha Patel,Pune,2026-04-11 23:27:36,2026-04-13 10:27:36,735,Delivered
ORD1614,Rohan Nair,Mumbai,2025-05-16 15:41:17,,4110,Pending
ORD1615,Kavya Gupta,Bengaluru,2026-08-16 22:32:48,,3920,Processing
ORD1616,Kavya Kumar,Pune,2025-06-02 23:34:08,2025-06-05 22:34:08,684,Delivered
ORD1617,Arun Reddy,Bengaluru,2025-09-19 02:19:41,,3612,Pending
ORD1618,Priya Sharma,Madurai,2026-01-11 07:01:41,2026-01-12 11:01:41,4161,Delivered
ORD1619,Sneha Gupta,Mumbai,2025-02-07 18:55:08,,3548,Cancelled
ORD1620,Kavya Nair,Pune,2025-09-01 11:49:14,,2305,Cancelled
ORD1621,Meera Reddy,Mumbai,2025-11-06 22:30:42,2025-11-07 20:30:42,1154,Delivered
ORD1622,Rahul Singh,Madurai,2025-11-25 14:23:31,,2649,Pending
ORD1623,Rahul Iyer,Hyderabad,2026-06-23 17:48:59,2026-06-24 13:48:59,476,Delivered
ORD1624,Divya Singh,Madurai,2025-09-27 06:07:56,2025-09-30 02:07:56,4853,Delivered
ORD1625,Karthik Iyer,Mumbai,2025-06-18 16:10:58,,2856,Cancelled
ORD1626,Kavya Singh,Mumbai,2026-07-09 12:39:36,2026-07-10 05:39:36,151,Delivered
ORD1627,Kavya Singh,Delhi,2025-12-05 16:58:46,2025-12-06 04:58:46,1183,Delivered
ORD1628,Meera Gupta,Pune,2025-07-02 17:30:03,2025-07-03 15:30:03,2631,Delivered
ORD1629,Priya Iyer,Hyderabad,2025-09-01 07:50:54,,274,Cancelled
ORD1630,Arun Kumar,Madurai,2026-06-28 17:24:34,2026-06-29 03:24:34,1254,Delivered
ORD1631,Priya Reddy,Pune,2026-03-07 00:38:17,2026-03-09 17:38:17,2849,Delivered
ORD1632,Divya Gupta,Chennai,2025-12-06 21:06:54,,2011,Pending
ORD1633,Rohan Patel,Pune,2025-09-14 11:25:03,,3070,Cancelled
ORD1634,Divya Kumar,Chennai,2026-06-29 02:31:16,2026-06-29 16:31:16,278,Delivered
ORD1635,Meera Sharma,Hyderabad,2026-08-18 13:45:06,2026-08-21 05:45:06,587,Delivered
ORD1636,Vijay Nair,Madurai,2026-03-09 00:40:43,2026-03-10 23:40:43,4996,Delivered
ORD1637,Karthik Nair,Madurai,2025-01-27 19:42:16,2025-01-29 00:42:16,2698,Delivered
ORD1638,Meera Patel,Bengaluru,2025-12-06 10:10:59,2025-12-07 22:10:59,3279,Delivered
ORD1639,Arun Singh,Mumbai,2025-02-01 23:40:42,,1371,Pending
ORD1640,Vijay Singh,Coimbatore,2026-04-23 08:41:56,2026-04-23 15:41:56,1051,Delivered
ORD1641,Karthik Patel,Delhi,2025-04-29 00:54:59,2025-04-30 05:54:59,3318,Delivered
ORD1642,Rohan Gupta,Pune,2026-03-09 04:59:32,2026-03-09 15:59:32,4636,Delivered
ORD1643,Sneha Reddy,Hyderabad,2026-05-29 11:01:42,,4068,Cancelled
ORD1644,Meera Kumar,Coimbatore,2025-01-03 06:56:15,2025-01-03 12:56:15,1217,Delivered
ORD1645,Karthik Gupta,Pune,2026-02-20 23:35:20,,176,Processing
ORD1646,Rahul Reddy,Coimbatore,2025-07-23 07:05:10,2025-07-25 10:05:10,697,Delivered
ORD1647,Meera Patel,Hyderabad,2026-03-27 01:58:12,2026-03-29 11:58:12,2818,Delivered
ORD1648,Meera Reddy,Madurai,2026-05-15 08:30:33,2026-05-16 10:30:33,716,Delivered
ORD1649,Vijay Iyer,Hyderabad,2025-10-01 07:37:29,2025-10-03 05:37:29,853,Delivered
ORD1650,Meera Patel,Pune,2026-06-16 02:12:54,2026-06-17 07:12:54,4430,Delivered
ORD1651,Meera Reddy,Coimbatore,2026-07-29 11:07:57,2026-07-29 15:07:57,3290,Delivered
ORD1652,Sneha Nair,Mumbai,2025-05-12 22:12:46,2025-05-13 11:12:46,1740,Delivered
ORD1653,Divya Nair,Delhi,2026-03-24 04:50:01,,4844,Cancelled
ORD1654,Rohan Nair,Delhi,2025-07-20 08:34:12,2025-07-20 23:34:12,955,Delivered
ORD1655,Priya Iyer,Mumbai,2025-05-13 06:09:38,,3941,Cancelled
ORD1656,Meera Patel,Mumbai,2025-12-23 04:11:22,2025-12-24 09:11:22,1507,Delivered
ORD1657,Arun Sharma,Madurai,2025-05-15 12:57:46,2025-05-16 20:57:46,3375,Delivered
ORD1658,Priya Sharma,Pune,2026-01-18 08:55:45,2026-01-18 10:55:45,3768,Delivered
ORD1659,Rahul Sharma,Chennai,2025-04-28 15:33:31,2025-04-30 14:33:31,2276,Delivered
ORD1660,Karthik Sharma,Hyderabad,2025-01-27 08:19:20,2025-01-28 06:19:20,2610,Delivered
ORD1661,Arun Nair,Delhi,2026-07-27 04:42:49,2026-07-28 07:42:49,695,Delivered
ORD1662,Sneha Kumar,Mumbai,2026-03-16 09:11:21,2026-03-19 04:11:21,2878,Delivered
ORD1663,Rahul Iyer,Hyderabad,2026-03-16 14:10:51,2026-03-18 22:10:51,3884,Delivered
ORD1664,Rahul Iyer,Delhi,2026-01-08 12:20:32,2026-01-09 09:20:32,2712,Delivered
ORD1665,Arun Iyer,Mumbai,2026-01-02 11:56:44,,2229,Processing
ORD1666,Vijay Sharma,Pune,2026-05-30 18:54:29,,2791,Cancelled
ORD1667,Kavya Gupta,Delhi,2025-10-25 08:34:14,,3264,Pending
ORD1668,Sneha Sharma,Madurai,2025-07-29 14:26:53,,2076,Pending
ORD1669,Karthik Reddy,Chennai,2025-07-10 05:05:43,2025-07-12 14:05:43,766,Delivered
ORD1670,Kavya Nair,Chennai,2026-05-26 04:14:33,2026-05-29 01:14:33,3794,Delivered
ORD1671,Karthik Gupta,Mumbai,2025-10-27 14:00:40,,1353,Processing
ORD1672,Sneha Nair,Delhi,2026-04-11 06:58:57,2026-04-11 07:58:57,1909,Delivered
ORD1673,Kavya Sharma,Madurai,2025-03-05 05:26:50,2025-03-07 15:26:50,2715,Delivered
ORD1674,Vijay Patel,Bengaluru,2025-06-04 23:00:09,2025-06-06 13:00:09,3324,Delivered
ORD1675,Arun Patel,Hyderabad,2025-10-25 06:12:17,2025-10-25 21:12:17,3231,Delivered
ORD1676,Divya Kumar,Hyderabad,2025-06-10 06:07:00,2025-06-11 16:07:00,2780,Delivered
ORD1677,Vijay Gupta,Coimbatore,2025-11-30 16:34:44,,3311,Cancelled
ORD1678,Sneha Iyer,Madurai,2025-04-23 13:44:50,2025-04-25 00:44:50,4471,Delivered
ORD1679,Vijay Nair,Delhi,2025-06-08 02:23:03,2025-06-10 18:23:03,819,Delivered
ORD1680,Rahul Gupta,Pune,2025-07-07 02:03:24,,3318,Processing
ORD1681,Vijay Patel,Pune,2026-07-15 02:13:20,2026-07-16 02:13:20,2271,Delivered
ORD1682,Divya Iyer,Coimbatore,2025-09-24 10:41:25,2025-09-24 22:41:25,4228,Delivered
ORD1683,Priya Nair,Mumbai,2025-01-15 21:24:03,2025-01-16 15:24:03,4301,Delivered
ORD1684,Sneha Kumar,Delhi,2025-04-25 20:09:52,,869,Pending
ORD1685,Divya Iyer,Coimbatore,2026-04-30 14:30:22,,2750,Processing
ORD1686,Divya Nair,Chennai,2025-03-13 18:24:06,2025-03-16 18:24:06,3748,Delivered
ORD1687,Karthik Nair,Hyderabad,2025-03-22 19:58:16,,4819,Cancelled
ORD1688,Sneha Sharma,Delhi,2025-06-17 22:19:47,2025-06-19 20:19:47,816,Delivered
ORD1689,Priya Nair,Coimbatore,2025-11-18 12:54:59,,433,Processing
ORD1690,Arun Iyer,Chennai,2025-03-04 14:44:21,,4053,Pending
ORD1691,Sneha Nair,Madurai,2025-09-09 08:16:59,,3715,Cancelled
ORD1692,Kavya Patel,Coimbatore,2025-09-25 05:29:02,2025-09-26 08:29:02,2384,Delivered
ORD1693,Meera Singh,Mumbai,2026-07-27 18:11:08,,4743,Processing
ORD1694,Rahul Gupta,Mumbai,2025-05-29 12:19:55,,1615,Pending
ORD1695,Arun Singh,Mumbai,2026-07-28 02:55:49,2026-07-31 01:55:49,279,Delivered
ORD1696,Kavya Singh,Delhi,2025-04-08 09:36:38,,4884,Cancelled
ORD1697,Vijay Singh,Pune,2025-04-27 16:05:46,2025-04-30 08:05:46,2210,Delivered
ORD1698,Sneha Singh,Pune,2025-01-06 04:32:25,,3822,Cancelled
ORD1699,Vijay Singh,Hyderabad,2025-04-16 18:14:42,2025-04-18 23:14:42,2644,Delivered
ORD1700,Sneha Iyer,Coimbatore,2025-04-01 14:18:14,,1142,Pending
ORD1701,Divya Sharma,Madurai,2026-02-15 02:45:22,2026-02-17 14:45:22,2271,Delivered
ORD1702,Arun Nair,Coimbatore,2025-07-03 01:00:28,2025-07-03 04:00:28,2734,Delivered
ORD1703,Kavya Nair,Hyderabad,2026-07-19 09:25:32,2026-07-20 05:25:32,4346,Delivered
ORD1704,Karthik Gupta,Chennai,2026-03-23 01:14:37,2026-03-24 23:14:37,2373,Delivered
ORD1705,Meera Singh,Hyderabad,2026-04-14 16:22:17,2026-04-15 07:22:17,4672,Delivered
ORD1706,Rahul Nair,Mumbai,2025-11-25 00:45:07,2025-11-26 01:45:07,3338,Delivered
ORD1707,Vijay Reddy,Delhi,2026-04-15 09:50:19,2026-04-18 08:50:19,3387,Delivered
ORD1708,Meera Singh,Chennai,2025-03-20 00:54:31,2025-03-20 17:54:31,4286,Delivered
ORD1709,Rohan Patel,Delhi,2026-02-10 04:49:00,2026-02-10 13:49:00,4674,Delivered
ORD1710,Rahul Singh,Mumbai,2026-05-27 12:52:14,,493,Pending
ORD1711,Priya Sharma,Bengaluru,2026-03-03 18:39:36,2026-03-05 18:39:36,4611,Delivered
ORD1712,Rohan Patel,Hyderabad,2026-05-04 23:35:02,,4854,Processing
ORD1713,Rahul Gupta,Hyderabad,2026-08-04 02:42:08,,4973,Cancelled
ORD1714,Divya Singh,Madurai,2026-04-01 13:34:58,2026-04-01 15:34:58,2426,Delivered
ORD1715,Priya Gupta,Coimbatore,2025-09-18 16:03:24,2025-09-21 16:03:24,3351,Delivered
ORD1716,Vijay Gupta,Chennai,2025-06-05 15:59:23,,1038,Processing
ORD1717,Vijay Singh,Pune,2026-03-26 18:09:01,2026-03-29 10:09:01,2193,Delivered
ORD1718,Vijay Patel,Delhi,2026-04-23 02:44:08,2026-04-26 02:44:08,1491,Delivered
ORD1719,Priya Patel,Chennai,2026-03-22 15:32:11,2026-03-23 12:32:11,3870,Delivered
ORD1720,Sneha Kumar,Madurai,2025-08-10 19:28:48,,3033,Pending
ORD1721,Meera Patel,Madurai,2025-08-25 22:26:32,2025-08-28 14:26:32,4362,Delivered
ORD1722,Sneha Kumar,Delhi,2026-04-04 12:48:55,2026-04-06 02:48:55,2565,Delivered
ORD1723,Priya Singh,Pune,2025-08-29 21:18:29,,1267,Processing
ORD1724,Karthik Iyer,Coimbatore,2026-05-17 22:49:41,,4413,Cancelled
ORD1725,Priya Nair,Delhi,2025-09-18 04:42:33,2025-09-20 01:42:33,3151,Delivered
ORD1726,Karthik Singh,Delhi,2026-03-31 21:10:04,2026-04-02 06:10:04,1888,Delivered
ORD1727,Vijay Patel,Mumbai,2025-02-26 02:44:47,,1514,Cancelled
ORD1728,Vijay Gupta,Pune,2026-03-30 20:33:48,2026-03-31 04:33:48,2858,Delivered
ORD1729,Rohan Singh,Coimbatore,2026-08-16 01:05:00,2026-08-16 12:05:00,4940,Delivered
ORD1730,Rohan Kumar,Hyderabad,2026-05-22 08:49:50,2026-05-24 11:49:50,1074,Delivered
ORD1731,Sneha Sharma,Mumbai,2025-01-26 18:08:20,,301,Processing
ORD1732,Sneha Singh,Bengaluru,2025-05-18 14:44:36,2025-05-19 07:44:36,735,Delivered
ORD1733,Arun Nair,Pune,2026-03-04 00:01:14,,1062,Cancelled
ORD1734,Karthik Patel,Coimbatore,2026-07-16 13:19:32,,2471,Cancelled
ORD1735,Arun Gupta,Madurai,2025-05-29 15:24:19,2025-05-31 21:24:19,645,Delivered
ORD1736,Divya Patel,Mumbai,2025-12-13 22:36:18,2025-12-14 18:36:18,3945,Delivered
ORD1737,Sneha Iyer,Coimbatore,2026-01-29 06:20:02,2026-01-30 15:20:02,2298,Delivered
ORD1738,Priya Gupta,Chennai,2025-01-28 11:12:19,2025-01-30 03:12:19,706,Delivered
ORD1739,Arun Reddy,Delhi,2026-01-07 11:27:13,2026-01-08 19:27:13,1702,Delivered
ORD1740,Priya Patel,Bengaluru,2026-05-11 09:13:18,,2270,Pending
ORD1741,Priya Nair,Hyderabad,2025-08-07 15:46:48,2025-08-09 00:46:48,3235,Delivered
ORD1742,Arun Gupta,Delhi,2026-02-15 01:04:13,,3654,Processing
ORD1743,Divya Iyer,Chennai,2025-03-12 09:25:50,2025-03-13 18:25:50,306,Delivered
ORD1744,Kavya Iyer,Chennai,2026-07-24 11:58:56,2026-07-25 13:58:56,884,Delivered
ORD1745,Sneha Singh,Bengaluru,2025-05-08 03:54:28,2025-05-09 01:54:28,4804,Delivered
ORD1746,Divya Sharma,Hyderabad,2026-04-14 12:31:49,2026-04-17 06:31:49,3426,Delivered
ORD1747,Priya Reddy,Madurai,2025-11-04 16:08:21,,304,Pending
ORD1748,Arun Iyer,Mumbai,2026-04-03 10:12:18,2026-04-05 08:12:18,1146,Delivered
ORD1749,Priya Patel,Pune,2026-06-08 14:22:07,2026-06-09 05:22:07,2444,Delivered
ORD1750,Sneha Sharma,Hyderabad,2025-05-16 11:53:58,2025-05-18 07:53:58,4776,Delivered
ORD1751,Divya Patel,Pune,2026-03-24 14:35:54,2026-03-26 15:35:54,3055,Delivered
ORD1752,Divya Singh,Coimbatore,2025-10-05 06:06:01,2025-10-07 19:06:01,4974,Delivered
ORD1753,Sneha Patel,Chennai,2026-07-01 06:15:43,2026-07-04 01:15:43,1327,Delivered
ORD1754,Divya Reddy,Coimbatore,2025-07-13 17:03:33,,303,Processing
ORD1755,Divya Sharma,Madurai,2025-05-06 20:30:03,2025-05-07 05:30:03,4337,Delivered
ORD1756,Arun Nair,Coimbatore,2026-06-19 18:19:07,,1866,Pending
ORD1757,Kavya Patel,Hyderabad,2026-01-10 13:41:08,2026-01-11 21:41:08,3352,Delivered
ORD1758,Karthik Nair,Coimbatore,2026-08-08 09:40:23,2026-08-10 02:40:23,3007,Delivered
ORD1759,Karthik Nair,Madurai,2025-01-31 21:04:27,2025-02-01 05:04:27,936,Delivered
ORD1760,Divya Nair,Madurai,2025-11-06 08:45:23,2025-11-09 08:45:23,4518,Delivered
ORD1761,Vijay Gupta,Madurai,2026-06-10 14:34:01,2026-06-12 16:34:01,4422,Delivered
ORD1762,Divya Nair,Hyderabad,2026-04-23 07:54:33,2026-04-25 21:54:33,3917,Delivered
ORD1763,Rohan Singh,Madurai,2026-06-14 03:40:43,2026-06-16 17:40:43,3028,Delivered
ORD1764,Rahul Patel,Chennai,2025-10-02 22:52:33,2025-10-03 05:52:33,792,Delivered
ORD1765,Vijay Sharma,Delhi,2025-01-16 13:20:27,2025-01-16 17:20:27,4812,Delivered
ORD1766,Arun Gupta,Madurai,2025-02-18 05:21:40,,815,Processing
ORD1767,Karthik Kumar,Coimbatore,2025-10-08 14:31:04,2025-10-11 00:31:04,3576,Delivered
ORD1768,Divya Gupta,Mumbai,2026-05-10 14:38:27,2026-05-11 12:38:27,3933,Delivered
ORD1769,Vijay Iyer,Coimbatore,2025-04-02 06:07:59,2025-04-03 08:07:59,3851,Delivered
ORD1770,Kavya Patel,Mumbai,2025-01-06 18:12:42,2025-01-06 21:12:42,1219,Delivered
ORD1771,Karthik Reddy,Coimbatore,2026-06-14 23:55:33,2026-06-16 16:55:33,2499,Delivered
ORD1772,Karthik Patel,Hyderabad,2025-02-22 23:43:58,2025-02-25 11:43:58,4653,Delivered
ORD1773,Arun Kumar,Coimbatore,2025-08-29 21:56:32,2025-08-30 11:56:32,1362,Delivered
ORD1774,Meera Iyer,Hyderabad,2025-09-04 09:35:48,2025-09-04 21:35:48,1302,Delivered
ORD1775,Rahul Iyer,Hyderabad,2025-03-06 09:01:07,2025-03-06 21:01:07,2661,Delivered
ORD1776,Priya Sharma,Madurai,2026-03-25 23:27:08,2026-03-26 12:27:08,293,Delivered
ORD1777,Karthik Patel,Chennai,2025-09-23 02:05:35,2025-09-24 03:05:35,2639,Delivered
ORD1778,Meera Sharma,Mumbai,2025-11-13 12:03:40,2025-11-15 09:03:40,3378,Delivered
ORD1779,Kavya Sharma,Madurai,2026-02-11 21:13:48,2026-02-12 16:13:48,4732,Delivered
ORD1780,Sneha Nair,Madurai,2025-08-21 12:06:05,,3355,Cancelled
ORD1781,Meera Nair,Delhi,2026-05-14 22:53:48,2026-05-16 19:53:48,4393,Delivered
ORD1782,Kavya Gupta,Hyderabad,2025-05-31 17:06:13,2025-06-01 01:06:13,3292,Delivered
ORD1783,Vijay Patel,Hyderabad,2026-06-01 10:37:38,2026-06-03 15:37:38,3454,Delivered
ORD1784,Rahul Reddy,Mumbai,2025-12-13 10:57:03,,1507,Processing
ORD1785,Rohan Nair,Coimbatore,2025-06-01 00:01:08,2025-06-02 08:01:08,2863,Delivered
ORD1786,Divya Nair,Coimbatore,2025-07-20 20:08:14,2025-07-22 23:08:14,4335,Delivered
ORD1787,Divya Gupta,Pune,2025-08-18 19:56:57,2025-08-20 15:56:57,1507,Delivered
ORD1788,Divya Singh,Madurai,2026-06-24 12:42:31,2026-06-27 10:42:31,4444,Delivered
ORD1789,Divya Reddy,Pune,2025-03-24 14:13:49,2025-03-25 08:13:49,4783,Delivered
ORD1790,Divya Patel,Bengaluru,2025-11-29 12:09:21,2025-11-30 10:09:21,3342,Delivered
ORD1791,Meera Gupta,Bengaluru,2025-08-23 06:40:58,,450,Cancelled
ORD1792,Arun Patel,Pune,2026-03-03 17:25:24,2026-03-06 01:25:24,873,Delivered
ORD1793,Kavya Reddy,Coimbatore,2026-06-18 23:40:38,,3160,Pending
ORD1794,Meera Iyer,Bengaluru,2025-09-06 19:20:23,,217,Processing
ORD1795,Kavya Gupta,Delhi,2025-03-14 17:51:28,2025-03-15 21:51:28,3986,Delivered
ORD1796,Priya Nair,Coimbatore,2026-08-19 09:27:17,2026-08-20 20:27:17,4143,Delivered
ORD1797,Sneha Gupta,Hyderabad,2026-08-01 15:17:37,2026-08-04 04:17:37,2656,Delivered
ORD1798,Divya Gupta,Madurai,2025-05-25 05:10:55,2025-05-27 11:10:55,1687,Delivered
ORD1799,Divya Gupta,Chennai,2025-02-15 06:55:42,2025-02-17 21:55:42,547,Delivered
ORD1800,Sneha Sharma,Madurai,2026-05-02 18:10:56,,4865,Processing
ORD1801,Karthik Singh,Pune,2025-03-28 10:40:10,,3507,Pending
ORD1802,Vijay Nair,Coimbatore,2025-01-19 22:12:36,2025-01-21 05:12:36,1313,Delivered
ORD1803,Sneha Sharma,Pune,2025-10-20 20:04:14,2025-10-23 06:04:14,4975,Delivered
ORD1804,Divya Nair,Delhi,2025-04-28 12:53:44,,705,Cancelled
ORD1805,Divya Singh,Coimbatore,2025-02-27 21:10:45,,3811,Processing
ORD1806,Karthik Kumar,Madurai,2025-02-21 15:50:18,,1901,Cancelled
ORD1807,Arun Gupta,Delhi,2025-11-24 03:59:44,2025-11-25 16:59:44,3091,Delivered
ORD1808,Meera Kumar,Delhi,2026-05-23 05:29:48,2026-05-23 09:29:48,2807,Delivered
ORD1809,Karthik Sharma,Delhi,2025-02-20 07:09:20,2025-02-21 03:09:20,2945,Delivered
ORD1810,Vijay Nair,Mumbai,2025-10-04 23:29:44,2025-10-07 11:29:44,2479,Delivered
ORD1811,Priya Kumar,Coimbatore,2026-03-02 23:48:50,2026-03-03 23:48:50,2109,Delivered
ORD1812,Sneha Reddy,Bengaluru,2026-03-17 00:59:42,2026-03-19 02:59:42,1751,Delivered
ORD1813,Rohan Nair,Bengaluru,2026-01-22 20:22:24,2026-01-24 21:22:24,2943,Delivered
ORD1814,Priya Singh,Coimbatore,2026-04-18 06:32:15,2026-04-20 09:32:15,1630,Delivered
ORD1815,Divya Kumar,Coimbatore,2025-09-23 19:39:49,2025-09-25 07:39:49,1252,Delivered
ORD1816,Meera Gupta,Mumbai,2025-07-29 11:58:19,2025-08-01 05:58:19,3426,Delivered
ORD1817,Karthik Gupta,Bengaluru,2025-01-20 22:25:20,2025-01-22 08:25:20,1449,Delivered
ORD1818,Arun Nair,Coimbatore,2025-06-03 21:59:32,2025-06-05 09:59:32,4029,Delivered
ORD1819,Rohan Nair,Coimbatore,2025-12-10 18:48:34,2025-12-11 00:48:34,1685,Delivered
ORD1820,Kavya Sharma,Pune,2026-03-02 08:32:52,,227,Pending
ORD1821,Vijay Sharma,Mumbai,2025-12-16 04:35:34,2025-12-17 22:35:34,2981,Delivered
ORD1822,Rohan Gupta,Mumbai,2025-06-17 03:30:44,2025-06-19 13:30:44,3560,Delivered
ORD1823,Sneha Singh,Madurai,2026-01-02 09:45:24,2026-01-02 21:45:24,2871,Delivered
ORD1824,Karthik Kumar,Mumbai,2025-12-28 04:20:52,,3777,Processing
ORD1825,Rahul Nair,Chennai,2025-12-19 00:11:53,2025-12-19 18:11:53,1682,Delivered
ORD1826,Priya Nair,Bengaluru,2025-10-21 03:51:37,2025-10-22 19:51:37,387,Delivered
ORD1827,Karthik Gupta,Madurai,2025-05-22 16:50:26,2025-05-23 13:50:26,2146,Delivered
ORD1828,Kavya Singh,Chennai,2025-11-30 13:08:36,2025-12-01 04:08:36,3577,Delivered
ORD1829,Rohan Nair,Coimbatore,2025-04-06 11:02:32,2025-04-07 13:02:32,427,Delivered
ORD1830,Divya Reddy,Pune,2025-07-26 18:22:37,2025-07-27 02:22:37,3239,Delivered
ORD1831,Arun Kumar,Pune,2025-03-13 16:53:20,,673,Processing
ORD1832,Vijay Iyer,Coimbatore,2025-02-16 00:47:46,2025-02-17 20:47:46,4425,Delivered
ORD1833,Rahul Reddy,Madurai,2026-03-29 16:49:48,,4368,Cancelled
ORD1834,Rohan Patel,Mumbai,2025-07-23 22:38:59,,3272,Pending
ORD1835,Meera Iyer,Delhi,2026-05-07 18:34:37,2026-05-09 07:34:37,4725,Delivered
ORD1836,Sneha Patel,Pune,2025-06-10 02:24:00,,1947,Processing
ORD1837,Karthik Nair,Delhi,2025-12-14 22:17:11,2025-12-16 12:17:11,2281,Delivered
ORD1838,Rohan Reddy,Coimbatore,2026-03-12 03:01:51,2026-03-13 20:01:51,965,Delivered
ORD1839,Sneha Gupta,Delhi,2025-01-02 01:36:33,2025-01-04 15:36:33,2844,Delivered
ORD1840,Sneha Nair,Hyderabad,2025-06-01 11:47:42,2025-06-03 23:47:42,592,Delivered
ORD1841,Vijay Iyer,Madurai,2025-07-27 22:01:43,2025-07-28 12:01:43,3290,Delivered
ORD1842,Rahul Patel,Chennai,2025-11-23 02:04:22,2025-11-23 04:04:22,292,Delivered
ORD1843,Rahul Reddy,Madurai,2025-08-21 18:40:33,2025-08-24 16:40:33,4437,Delivered
ORD1844,Sneha Sharma,Bengaluru,2026-01-06 20:57:25,2026-01-07 13:57:25,1560,Delivered
ORD1845,Sneha Nair,Mumbai,2025-11-29 17:31:33,2025-11-30 21:31:33,4623,Delivered
ORD1846,Sneha Nair,Mumbai,2025-06-11 09:12:34,2025-06-14 03:12:34,684,Delivered
ORD1847,Karthik Nair,Madurai,2025-08-14 14:38:50,2025-08-16 01:38:50,1866,Delivered
ORD1848,Rohan Iyer,Coimbatore,2026-06-26 22:52:33,2026-06-27 03:52:33,3514,Delivered
ORD1849,Rahul Sharma,Coimbatore,2026-02-24 03:10:03,,1182,Pending
ORD1850,Rahul Nair,Hyderabad,2025-07-13 03:51:28,2025-07-14 19:51:28,3492,Delivered
ORD1851,Arun Singh,Hyderabad,2025-09-08 03:12:53,,1560,Cancelled
ORD1852,Vijay Iyer,Mumbai,2026-05-27 04:21:49,2026-05-28 16:21:49,4650,Delivered
ORD1853,Kavya Kumar,Hyderabad,2025-03-24 04:49:33,2025-03-26 01:49:33,1322,Delivered
ORD1854,Rohan Gupta,Pune,2026-06-10 07:55:38,2026-06-11 06:55:38,1038,Delivered
ORD1855,Vijay Sharma,Pune,2026-08-12 02:48:48,2026-08-14 01:48:48,3488,Delivered
ORD1856,Kavya Gupta,Chennai,2026-03-25 03:35:11,2026-03-26 10:35:11,4667,Delivered
ORD1857,Sneha Patel,Hyderabad,2026-07-16 12:37:18,,1791,Pending
ORD1858,Meera Sharma,Chennai,2025-09-13 08:58:54,2025-09-13 18:58:54,621,Delivered
ORD1859,Arun Patel,Hyderabad,2025-06-19 22:08:36,,3090,Pending
ORD1860,Kavya Reddy,Mumbai,2026-06-28 13:25:40,,696,Cancelled
ORD1861,Arun Iyer,Mumbai,2025-02-17 11:04:33,,4876,Cancelled
ORD1862,Kavya Kumar,Chennai,2026-02-11 02:47:38,,3747,Processing
ORD1863,Arun Gupta,Madurai,2026-05-05 02:34:26,2026-05-05 07:34:26,2975,Delivered
ORD1864,Arun Nair,Mumbai,2026-07-20 06:41:41,2026-07-21 02:41:41,3873,Delivered
ORD1865,Meera Nair,Madurai,2026-01-28 03:36:31,2026-01-28 11:36:31,513,Delivered
ORD1866,Priya Singh,Coimbatore,2026-08-06 05:49:21,2026-08-08 00:49:21,2316,Delivered
ORD1867,Karthik Iyer,Pune,2025-12-06 21:31:17,2025-12-06 22:31:17,3459,Delivered
ORD1868,Divya Nair,Chennai,2026-08-10 05:13:05,,695,Pending
ORD1869,Meera Gupta,Delhi,2026-08-02 20:13:05,2026-08-05 12:13:05,3390,Delivered
ORD1870,Karthik Reddy,Mumbai,2025-03-22 11:35:57,2025-03-23 15:35:57,4879,Delivered
ORD1871,Arun Patel,Bengaluru,2026-01-30 17:30:54,2026-02-01 06:30:54,2086,Delivered
ORD1872,Rohan Reddy,Coimbatore,2026-01-16 03:15:45,2026-01-18 02:15:45,1112,Delivered
ORD1873,Karthik Sharma,Madurai,2025-08-12 23:13:55,2025-08-14 12:13:55,3155,Delivered
ORD1874,Sneha Sharma,Mumbai,2025-01-29 09:35:52,,3956,Processing
ORD1875,Arun Iyer,Chennai,2025-04-30 10:54:15,2025-05-02 06:54:15,1032,Delivered
ORD1876,Karthik Reddy,Delhi,2025-07-29 20:10:54,2025-08-01 04:10:54,3990,Delivered
ORD1877,Priya Reddy,Hyderabad,2025-10-22 04:11:39,2025-10-23 08:11:39,1020,Delivered
ORD1878,Priya Reddy,Delhi,2025-02-23 21:48:13,2025-02-24 03:48:13,4761,Delivered
ORD1879,Vijay Iyer,Bengaluru,2026-02-01 13:15:21,2026-02-04 02:15:21,3135,Delivered
ORD1880,Vijay Nair,Madurai,2025-05-29 13:40:02,2025-05-30 09:40:02,1015,Delivered
ORD1881,Karthik Kumar,Coimbatore,2026-05-20 03:43:12,2026-05-20 05:43:12,4459,Delivered
ORD1882,Divya Singh,Delhi,2025-11-17 13:20:03,2025-11-19 02:20:03,3353,Delivered
ORD1883,Kavya Gupta,Chennai,2025-11-06 06:54:01,2025-11-07 02:54:01,3047,Delivered
ORD1884,Rohan Patel,Bengaluru,2025-08-23 06:22:47,2025-08-24 08:22:47,2394,Delivered
ORD1885,Meera Patel,Chennai,2026-01-20 19:43:05,2026-01-22 00:43:05,168,Delivered
ORD1886,Vijay Gupta,Mumbai,2025-06-13 16:23:44,2025-06-13 17:23:44,791,Delivered
ORD1887,Kavya Iyer,Hyderabad,2026-02-14 19:56:43,2026-02-16 06:56:43,3233,Delivered
ORD1888,Arun Kumar,Coimbatore,2025-07-05 17:11:47,,479,Processing
ORD1889,Kavya Kumar,Chennai,2025-10-26 19:07:03,2025-10-29 06:07:03,1015,Delivered
ORD1890,Sneha Gupta,Madurai,2026-07-15 20:37:53,2026-07-18 17:37:53,923,Delivered
ORD1891,Arun Patel,Mumbai,2026-07-23 05:20:05,2026-07-24 14:20:05,4637,Delivered
ORD1892,Rahul Singh,Mumbai,2026-02-14 18:23:48,2026-02-16 21:23:48,4882,Delivered
ORD1893,Priya Nair,Coimbatore,2025-07-02 02:36:49,2025-07-02 14:36:49,2504,Delivered
ORD1894,Rohan Nair,Mumbai,2025-02-01 03:34:36,2025-02-01 23:34:36,3488,Delivered
ORD1895,Arun Reddy,Madurai,2025-10-26 13:11:25,,3668,Processing
ORD1896,Rohan Kumar,Chennai,2026-02-22 14:36:26,2026-02-24 09:36:26,3092,Delivered
ORD1897,Divya Nair,Coimbatore,2025-03-17 19:19:06,2025-03-19 21:19:06,2717,Delivered
ORD1898,Arun Singh,Pune,2025-10-14 20:37:03,2025-10-16 01:37:03,1824,Delivered
ORD1899,Divya Sharma,Mumbai,2025-10-26 22:17:18,2025-10-29 07:17:18,2833,Delivered
ORD1900,Rahul Singh,Mumbai,2025-07-12 20:41:28,2025-07-14 11:41:28,3530,Delivered
ORD1901,Karthik Singh,Madurai,2025-12-14 16:21:42,2025-12-17 00:21:42,889,Delivered
ORD1902,Arun Kumar,Hyderabad,2025-06-01 09:49:42,,1695,Pending
ORD1903,Meera Reddy,Hyderabad,2025-11-27 03:09:03,2025-11-29 05:09:03,4714,Delivered
ORD1904,Vijay Reddy,Delhi,2026-07-15 14:49:02,2026-07-16 13:49:02,2409,Delivered
ORD1905,Divya Gupta,Mumbai,2026-04-26 23:18:34,,1285,Processing
ORD1906,Divya Iyer,Pune,2026-05-21 10:23:11,2026-05-23 00:23:11,1023,Delivered
ORD1907,Sneha Sharma,Chennai,2025-01-13 09:57:27,,4705,Processing
ORD1908,Sneha Reddy,Coimbatore,2026-02-12 05:45:39,2026-02-14 02:45:39,2450,Delivered
ORD1909,Rahul Iyer,Mumbai,2026-05-13 08:31:35,,901,Processing
ORD1910,Divya Kumar,Bengaluru,2026-03-24 11:09:55,2026-03-26 13:09:55,1003,Delivered
ORD1911,Arun Singh,Coimbatore,2025-04-06 07:24:39,,3882,Cancelled
ORD1912,Rahul Singh,Delhi,2025-09-26 23:49:44,,2433,Processing
ORD1913,Divya Kumar,Hyderabad,2025-11-03 09:13:38,2025-11-03 17:13:38,1479,Delivered
ORD1914,Vijay Singh,Pune,2025-09-17 01:43:30,,627,Processing
ORD1915,Priya Gupta,Mumbai,2026-07-17 02:39:24,2026-07-17 07:39:24,2876,Delivered
ORD1916,Divya Singh,Madurai,2025-08-05 18:06:23,2025-08-07 17:06:23,3241,Delivered
ORD1917,Karthik Patel,Bengaluru,2025-01-23 02:45:05,2025-01-24 12:45:05,4380,Delivered
ORD1918,Arun Iyer,Mumbai,2026-02-11 21:33:48,2026-02-14 14:33:48,4655,Delivered
ORD1919,Rahul Nair,Pune,2025-08-27 01:31:37,2025-08-29 08:31:37,1419,Delivered
ORD1920,Sneha Patel,Delhi,2025-09-11 11:25:38,2025-09-13 06:25:38,4331,Delivered
ORD1921,Priya Iyer,Chennai,2026-04-24 03:27:14,2026-04-25 09:27:14,2753,Delivered
ORD1922,Karthik Reddy,Bengaluru,2026-04-07 20:09:56,,1619,Pending
ORD1923,Rahul Patel,Delhi,2025-03-08 05:53:21,,527,Cancelled
ORD1924,Kavya Iyer,Mumbai,2025-07-12 08:09:13,2025-07-12 16:09:13,1830,Delivered
ORD1925,Meera Kumar,Chennai,2025-09-13 06:52:44,2025-09-15 05:52:44,391,Delivered
ORD1926,Kavya Sharma,Bengaluru,2025-01-28 13:45:57,2025-01-31 13:45:57,1069,Delivered
ORD1927,Kavya Sharma,Chennai,2026-06-10 19:29:24,2026-06-12 17:29:24,219,Delivered
ORD1928,Arun Kumar,Chennai,2025-04-02 11:34:29,2025-04-05 07:34:29,4074,Delivered
ORD1929,Kavya Gupta,Bengaluru,2026-07-14 18:44:16,2026-07-16 03:44:16,2236,Delivered
ORD1930,Rahul Sharma,Bengaluru,2025-06-07 18:08:04,2025-06-07 19:08:04,2157,Delivered
ORD1931,Rahul Iyer,Chennai,2026-01-16 11:18:00,,950,Processing
ORD1932,Divya Nair,Delhi,2025-06-09 12:08:57,2025-06-10 19:08:57,2929,Delivered
ORD1933,Arun Sharma,Pune,2025-06-28 13:44:13,2025-06-29 03:44:13,905,Delivered
ORD1934,Priya Nair,Hyderabad,2025-09-01 07:47:45,2025-09-03 12:47:45,2145,Delivered
ORD1935,Divya Kumar,Bengaluru,2025-07-06 08:00:48,2025-07-08 08:00:48,1471,Delivered
ORD1936,Divya Nair,Mumbai,2025-06-19 20:57:49,2025-06-22 17:57:49,2480,Delivered
ORD1937,Priya Patel,Coimbatore,2025-04-09 03:41:13,2025-04-11 17:41:13,259,Delivered
ORD1938,Sneha Patel,Madurai,2025-05-24 21:39:56,2025-05-27 15:39:56,1166,Delivered
ORD1939,Rohan Gupta,Chennai,2026-03-28 12:10:02,2026-03-31 04:10:02,4015,Delivered
ORD1940,Divya Patel,Chennai,2026-02-05 18:30:32,,174,Processing
ORD1941,Divya Gupta,Madurai,2025-05-07 00:51:04,,2988,Processing
ORD1942,Rohan Gupta,Hyderabad,2025-05-25 04:18:00,2025-05-26 13:18:00,887,Delivered
ORD1943,Priya Singh,Madurai,2025-01-15 03:41:09,2025-01-16 20:41:09,329,Delivered
ORD1944,Meera Nair,Bengaluru,2025-06-30 15:34:06,2025-07-02 15:34:06,381,Delivered
ORD1945,Sneha Sharma,Madurai,2026-08-03 11:21:27,2026-08-04 00:21:27,2067,Delivered
ORD1946,Rohan Sharma,Chennai,2025-02-06 04:09:14,2025-02-07 11:09:14,492,Delivered
ORD1947,Kavya Nair,Madurai,2025-04-24 15:15:59,2025-04-27 11:15:59,4722,Delivered
ORD1948,Divya Sharma,Coimbatore,2025-05-09 23:59:12,2025-05-10 03:59:12,2773,Delivered
ORD1949,Rahul Singh,Mumbai,2026-07-14 08:55:53,2026-07-15 03:55:53,604,Delivered
ORD1950,Divya Reddy,Bengaluru,2026-03-20 17:15:15,2026-03-23 15:15:15,4534,Delivered
ORD1951,Rahul Sharma,Madurai,2026-04-09 14:41:04,,4775,Processing
ORD1952,Arun Gupta,Chennai,2025-11-14 17:57:27,,2426,Processing
ORD1953,Rahul Patel,Delhi,2025-06-25 09:09:54,,745,Pending
ORD1954,Rohan Reddy,Mumbai,2025-04-04 13:18:43,2025-04-06 19:18:43,4024,Delivered
ORD1955,Meera Gupta,Bengaluru,2025-11-06 09:54:22,,4680,Cancelled
ORD1956,Priya Gupta,Chennai,2025-09-23 11:38:22,2025-09-24 02:38:22,4647,Delivered
ORD1957,Priya Patel,Hyderabad,2026-07-06 15:21:34,,2819,Pending
ORD1958,Karthik Patel,Coimbatore,2025-04-18 17:02:47,2025-04-21 16:02:47,2285,Delivered
ORD1959,Karthik Nair,Pune,2025-01-08 08:33:25,,4114,Pending
ORD1960,Karthik Nair,Hyderabad,2025-03-28 13:43:41,2025-03-29 10:43:41,1715,Delivered
ORD1961,Arun Iyer,Pune,2026-03-18 09:58:49,,458,Cancelled
ORD1962,Rohan Sharma,Coimbatore,2026-05-10 21:16:11,,492,Processing
ORD1963,Rahul Sharma,Madurai,2026-04-20 04:02:30,2026-04-21 13:02:30,585,Delivered
ORD1964,Vijay Kumar,Bengaluru,2025-01-01 18:47:41,2025-01-03 19:47:41,326,Delivered
ORD1965,Kavya Kumar,Madurai,2026-04-13 18:13:43,,288,Processing
ORD1966,Kavya Iyer,Coimbatore,2025-03-29 18:59:13,2025-03-31 14:59:13,343,Delivered
ORD1967,Vijay Iyer,Coimbatore,2025-09-28 02:03:57,,3407,Cancelled
ORD1968,Arun Patel,Coimbatore,2025-12-20 15:26:50,2025-12-23 15:26:50,3385,Delivered
ORD1969,Sneha Reddy,Pune,2025-05-02 03:23:35,2025-05-04 21:23:35,1092,Delivered
ORD1970,Meera Sharma,Mumbai,2026-02-08 11:52:18,2026-02-10 09:52:18,4770,Delivered
ORD1971,Kavya Gupta,Chennai,2026-05-24 06:24:06,2026-05-24 15:24:06,4029,Delivered
ORD1972,Rohan Reddy,Bengaluru,2025-08-16 18:20:30,,3263,Pending
ORD1973,Divya Kumar,Madurai,2025-02-04 08:00:22,2025-02-05 10:00:22,3112,Delivered
ORD1974,Meera Reddy,Madurai,2026-08-04 11:43:41,2026-08-07 11:43:41,4986,Delivered
ORD1975,Sneha Kumar,Hyderabad,2025-02-12 22:10:54,2025-02-14 22:10:54,1103,Delivered
ORD1976,Karthik Patel,Pune,2026-01-25 17:27:45,2026-01-28 11:27:45,1452,Delivered
ORD1977,Priya Reddy,Coimbatore,2026-05-08 17:55:05,,3531,Cancelled
ORD1978,Rahul Iyer,Delhi,2026-06-01 19:42:29,,3030,Processing
ORD1979,Divya Gupta,Coimbatore,2025-03-09 23:12:34,2025-03-11 01:12:34,2337,Delivered
ORD1980,Rahul Nair,Coimbatore,2025-11-22 01:08:02,,695,Cancelled
ORD1981,Priya Sharma,Delhi,2026-02-07 10:18:54,,2077,Pending
ORD1982,Rohan Patel,Madurai,2026-07-07 17:41:19,2026-07-07 22:41:19,4302,Delivered
ORD1983,Arun Nair,Hyderabad,2025-06-29 20:43:04,,154,Processing
ORD1984,Karthik Singh,Chennai,2025-05-31 15:10:46,2025-06-02 04:10:46,3631,Delivered
ORD1985,Vijay Sharma,Delhi,2025-04-24 13:06:44,2025-04-26 09:06:44,3403,Delivered
ORD1986,Vijay Gupta,Pune,2026-06-02 10:16:59,,1512,Cancelled
ORD1987,Vijay Nair,Mumbai,2025-08-10 00:31:05,2025-08-11 19:31:05,1970,Delivered
ORD1988,Sneha Reddy,Bengaluru,2025-03-14 19:55:18,,2813,Cancelled
ORD1989,Vijay Kumar,Pune,2026-04-22 04:23:20,,3088,Processing
ORD1990,Priya Kumar,Delhi,2026-02-18 17:44:06,2026-02-20 15:44:06,1423,Delivered
ORD1991,Divya Patel,Chennai,2026-07-05 18:09:25,,3476,Processing
ORD1992,Rahul Iyer,Madurai,2025-07-23 02:16:29,2025-07-23 23:16:29,3809,Delivered
ORD1993,Karthik Sharma,Mumbai,2026-06-01 08:19:55,2026-06-02 07:19:55,3095,Delivered
ORD1994,Divya Gupta,Mumbai,2025-09-17 11:38:00,2025-09-19 10:38:00,3168,Delivered
ORD1995,Sneha Patel,Mumbai,2025-12-26 06:31:31,,1281,Processing
ORD1996,Meera Iyer,Coimbatore,2026-07-19 10:12:25,2026-07-20 11:12:25,4913,Delivered
ORD1997,Rohan Gupta,Bengaluru,2026-01-29 18:24:02,2026-01-31 06:24:02,2786,Delivered
ORD1998,Meera Reddy,Madurai,2026-02-12 12:24:08,2026-02-14 15:24:08,3179,Delivered
ORD1999,Divya Gupta,Madurai,2026-06-23 11:12:17,,3169,Pending
ORD2000,Priya Gupta,Mumbai,2026-03-14 05:11:10,2026-03-17 01:11:10,4527,Delivered
